id,map_id,summary_polyline,start_latlng,end_latlng,location_city,date
19979017612,a19979017612,ipqlH{fePJA@^ELCVEFk@jAIh@SPQFQPw@jA]XOP{@pAEV@RbCtElAjBv@~@z@bB~@tAR`@r@hAdAtBTTLTf@n@RZ\fA^z@Zd@bAtBVZH@PQJQ`@gAXk@Z_ALk@Ta@Lg@`@c@ZUZ]ZS^c@NUJ]L_C?UMSOMQIyAqAs@e@a@cAOIc@a@o@gAeAmAM]s@g@KMOWeBoBe@u@uBoCUc@w@eAk@k@,"[('root', [49.410779, 2.817264])]","[('root', [49.410603, 2.817036])]",,2026-08-31
19959662058,a19959662058,ipqlH_wdPb@|@Vp@~@tBPXh@fBNPf@bARVb@`AFRTZP\FTJTJDn@y@XWLQd@aAh@o@x@sAj@w@FU?[CKKI_@o@]]MI][KWo@eAGMe@g@a@o@AUVq@De@JKf@mAt@cAJSLMn@_B\o@fA}APa@TWJa@h@aA@IEE_@IYOSGe@UOCQ?GGAGECYGc@WKAYMQM]G_@SMAGKu@YKMWKe@?IQSIIOSEMI_@MGE[COKQCo@c@wBy@a@[Q?oAo@[IQQOEMKAECC[GIGIQIEQGWAMNUd@I\@NPh@Lh@JVN`@N^T`@J^R^JXFLJXHNPp@PV\r@Xb@,"[('root', [49.410721, 2.816973])]","[('root', [49.410782, 2.816864])]",,2026-08-30
19947595873,a19947595873,uoqlHeeePY^Q`@UVGDI?Y`@WPSv@CXDJd@r@L\HFDHH`@BVj@dAFTVRLd@b@dA~@bBRn@Hf@VX^`ARRR^VZhAhCFBPOX[l@g@Tq@JQDOHIFORORg@h@w@Xi@LOBIIc@e@m@Oa@KGI]KSICUWkA}AYWICa@c@CG?Gh@aAVk@NSx@gBVYPWJUHKDKH]V[d@eAbAuAVq@BCNEHI?MXs@@IMIu@[KAGISEOIKC_@a@[AIKa@MAESOSDSEMKQEe@i@]ESKMO_@MEDYr@o@lAQr@S\I^SXMb@IJM`@QV_@dASVO^IPEXKNE@,"[('root', [49.410675, 2.816995])]","[('root', [49.410985, 2.816641])]",,2026-08-29
19925173771,a19925173771,soqlHaeeP[d@YNQXKFQHQVS`@ERA\BPFVd@x@XdA^j@DNABPj@RXDBNf@Th@n@pAV\Vl@Nh@NR\p@BRRTV^xAbDHHLATQDUDGl@c@DWFETe@^]Re@JGJQH]\c@JGHYJG@EGY_AuAS_AIGI@YQq@cAM_@_@a@MI]]AKNo@\o@d@k@l@oAb@q@Pa@TURk@PY^}@NQL[Z_@L[PIBSp@oABG?KCEa@QII_@Mo@Yg@]_AQ_@W[IUQq@WOK_@KWSUMG@ONIAEGIUYWS?UQ[G]M[Mw@a@]ISMG?k@WUMKMYO]QwAi@]Qk@a@WI[CQII@MNO^SREJ?JHRLx@Vh@\~@r@bAh@fA\~@N|@J\LRN\Zj@HHJ?HHf@jAd@h@Vp@,"[('root', [49.410665, 2.816972])]","[('root', [49.410707, 2.817384])]",,2026-08-27
19912763675,a19912763675,wuqlHypePWq@U]]qAg@gAIk@GUg@w@Ui@SUg@aAWYc@q@Qq@Os@Qa@Mk@GG]Om@w@Sc@IYOUEWOQCO_@i@qAgCK_@UgASk@GMi@qCGYMQIc@Yi@SWk@kAASKUOsAg@uBi@eAQWQSQe@IMW[Ia@EMSUSm@MOs@iAGUAQPc@LMXU|@qAl@s@l@}@`@e@rAyBd@k@f@u@x@{@x@qAtAcBb@s@NQZi@NOzAcCpAaBRYLMZk@Z[bB_C~@gA^m@d@k@fD{E`@o@h@k@jByC`EkFRU`@WLQJSt@{@f@s@XY^k@p@_AhAgB`@e@jBgCb@e@d@s@LMJED?NLHV@pACbB@h@e@vNCzAKpCC`BIpACrA@f@N`AZf@VX@HSdAAP@\DHPBHFAf@C^UnAClCKn@GHGn@]hDA\I`AM`Bc@lB?ZB^OrBIh@Q\Gf@B`AKt@ElAQdA?b@Eb@Cx@g@~DW~DUxACjAJf@?ZUx@OdBWxBQrBQrACh@IXQVMnBIl@E`A_@fAEb@Et@ERWx@]v@Ol@_AlCAp@GJWREHUl@e@t@Qh@,"[('root', [49.410769, 2.817586])]","[('root', [49.409687, 2.818844])]",,2026-08-26
19905007314,a19905007314,ksqlHi~ePYG[UYMI?UKKIG@KGKAAGIEO@WY]KGIODOPGHMd@?FJXVZFVNVPt@F?BD^dBL\T^FTDn@FHF\Rb@Hl@V\JJ`@`ATTRr@ZVFE^aAPWTk@V_@?CTg@n@oA^k@Vm@r@qABOACSWUIG@_@Eo@MQIQACQECWEMIIAy@a@KCc@UEIUQ_@Oa@KSMSA[SGKWIWQOGUQICSHOTGJCV?RLb@Fn@XVAf@FPXh@RPRt@Zr@JNLh@R`@,"[('root', [49.410755, 2.818923])]","[('root', [49.411006, 2.817694])]",,2026-08-26
19889754490,a19889754490,wpqlHmjeP`@oAV]LMRq@`@c@b@eANORi@\i@N]RW?UIGe@IOCa@Bi@MKO_@IOOe@Q]]MEEKCSGEmAQe@Uu@[a@@KMUI[@EKMOIGGAOQGBYVGRGZBF`@hAT^RTPz@PTNj@HNJZJFDHNz@BBHBBDRt@FND@BPNLLd@PRJ^HNFRd@z@J`@Ze@Vo@H[NQf@eA^k@v@yAHGLYLOZs@,"[('root', [49.410843, 2.817832])]","[('root', [49.409657, 2.819865])]",,2026-08-25
19757606451,a19757606451,syasHshyRa@n@e@`Au@zBa@d@Qr@_@lA_@r@Qf@_@|AQbAAj@InA@b@XxBLh@Hx@HVNz@l@dCTh@FHHDP@NGRKTc@TSNWDAFH`@bAPt@b@rAj@nBLl@x@jC\r@X^`@^^r@lA|ATb@j@j@JDT@VGJItAaBlBq@N?\~@r@`ABb@Pt@FNNPTj@\l@z@hANZtAhBt@hARTB@HAdAuAbAgAz@yA`@cANm@FOJMH[Zw@F_@TeAt@{Bj@mArA}DhAqCXi@Le@@I?_@G_AOsAOa@Ge@B{@Mm@?SJaAl@yCFgAR}@D[AIQW]M}Cm@a@MWO_A_Ae@w@s@}@Ui@Wa@[YqA}BO[ME[VIBUMIKs@m@OSy@o@q@wAa@e@ISKGQEy@a@m@UKCM@UFk@HOCKGQ?OFm@Fc@P]FsANYAa@Fa@@WFi@@YDIJGd@Yx@Kj@WT_@z@IJMF,"[('root', [50.477229, 3.247625])]","[('root', [50.476635, 3.247417])]",,2026-08-15
19716920429,a19716920429,mabsHiwxRW~@QlAARMv@Ax@VxATzBLt@@rAd@pBH`AKt@o@jAc@l@s@vAWr@wA~Fq@rAm@~@[|@a@tA?FN`@d@z@Vp@@FIn@ELrB|Ka@cBUkA?QHc@Tk@D_@Im@c@}@Yg@o@{Ag@aAEe@?ORm@xCoFt@gDl@sBl@oA`@o@r@cBFe@As@Bo@m@mCeAkGEc@A_@Di@,"[('root', [50.477033, 3.247358])]","[('root', [50.477782, 3.246585])]",,2026-08-12
19685971178,a19685971178,kuasHilyRESE?GGO_@KOGFCVKLIXa@x@?DEDK`@Wj@G\Sb@i@vAOXAPELINKFq@fBIL_@z@U`@Wt@YtAI~@?n@Id@?r@bBvKLb@\t@HHPH^OF?JIFMPOJCHKBHDWJMBF@NNTRv@PhAV~@HXLXVz@FHHh@JTNl@Rr@\l@JJNXf@j@V`@Z\T`@JHFNJFNXDBf@t@h@ANORAHETWPIHOZMNQPGD@DAFEl@_@H?JIBAHLBj@HJ@LFP?FHZT|@LZLDDDH`@L^FBN`@LP\x@\\PXLHDPRXBLd@n@Xj@DDNENJJ?JHT]JENSLGf@c@DIXYX]\u@HKp@eBf@cBTi@F]XaAZ{@LULc@pA}CF[b@}@HYJMDSXk@`AcCHo@I_CKu@[aA?IDQHEPBPIRGD@LGD?VIRKXCJG`@KNSLCLKLa@PSLi@BAJWFGNk@P[Ts@NYDi@C_@BS?oA@KDEJYHCVJDAb@TF?j@NNLTBFCBEFURsAFOP}AHc@HSVgBBGRoADED]BIDq@FE@SXsAFo@La@AIJYPcADGHq@Nm@PwA?KFO?MLc@@ULk@?MGIM@KICKOCAGKGUWEAIOG?OOE?YYo@]e@g@oAaAo@a@?EGC[KYEMGQCSYECY@IEO@EC_@@MGK@GCO?SDYIM@WIKKQ[IW?KIUEE_@?EEKAGKKGc@_@YQ]cAAI[qAWo@YeAGMEQKOQ_A]}@?IOY?K_@cACSIOI]_@eAESEEK[e@eAu@gAKKWMMAE@GR?JNz@FtA?jEIrC_@lDAXUdCUpACFy@a@I?EEI?KI]GSGMKo@}@CKKKCKKKCIQE[Li@B,"[('root', [50.476817, 3.247569])]","[('root', [50.472752, 3.25464])]",,2026-08-10
19659573810,a19659573810,utasHiryRJSDi@d@aBDEBOLY@Ql@oBHi@L]?IEQ?SIg@D_AdAeKJi@L]RYl@UPQdAMvAi@fBOxBMFLJf@AXBHz@IJMR?`@}BJWROd@@p@\j@NLJHVPEp@THCH]Hs@NqBFyA@aAGqDGkAIq@DYHIPB`@Zr@fAl@tAtAlEf@jBFHt@vC`@hA^|Ab@vARZx@h@PTJ@f@aCNg@Da@JWLw@t@wAZeBTeBZwAHk@Ng@Hs@?a@NoAfAgHHWBc@XoADi@j@uDZaBJQVGBIBm@G]Bc@j@yCTyAz@{E?QFOBARPVCt@hAb@Lj@IXS`@o@LCd@ZnAf@`AQb@Fj@WFBJ\j@Yj@QvAo@p@KNMd@?@JEPQZUtAaAbDy@~CoAbDkBlCs@jA?HKR_@\c@v@oAxAwAlBMLQb@SNIPWTWHEJa@XCJ_@P[\k@HMP[lBBHK`@E~@EPDN`@^rCxAP@h@QFJDR?VEl@ITC\ILA\Qt@IjAe@pDAxDGd@IF]@q@EYBq@CIJCVBRJTPHv@t@XNBFPJVXZLVZd@TdAx@BFXN@`@KTAPOd@Kp@@LSbAGJIn@o@~COjAi@fCGp@gA|FEl@e@bDKRKD[KoBcAUBIJMf@B|@GLCtAETk@hAObAQX_@bAGBQt@KL[AqAd@g@FYFMJm@JEL@ZRl@F^Rd@?XHRDh@BFRJNl@NrABBBVDl@DPCZDXAfAWxAIRCRSp@Qj@ID_@v@a@l@i@rAQh@KTKd@Uj@CVIT@FSj@IfABP?ZL~@Cr@IRk@`Ai@lAq@YKBQKe@Ko@G[F]ZGL?N?HJXAXIl@_@nBK^?VM^Ej@UrASFOGo@m@a@o@[YOWYSW_@c@S_ASi@B?H_@^?RIV?\Nn@^tCDnACPdAfHD`@@vAUhCo@|DeAtFq@pEOn@Ip@Ul@KHK@_@U{@eAu@oAk@oBWe@iAeAGMQI[]cA{@e@[q@k@IQKE_@m@Sg@Oy@@q@EE@oAAYMm@m@{A]mA_@g@GSGAGOII[i@Qi@kAiB}BmF}@oC_AmD[_B@y@L_@Fu@Ca@]gAm@oASWm@iAGYAe@Ja@`CcE\w@|@aE`@yAh@aAHYrAgCDMDc@Ae@UiAIYQoAK]y@eE?kBNoC`@uBf@{Ah@cA,"[('root', [50.477331, 3.247484])]","[('root', [50.476965, 3.248277])]",,2026-08-08
19432472390,a19432472390,mfqlHgfcPSE}@m@c@OWi@Y[c@Ps@vAk@KOBm@g@]q@QOqCWcAa@u@@KKKq@Si@uDhBEJFXEl@VbDU`@[T}@f@OBSSIs@GcBSaByBoMSiBW_AUeAA]WuAKqASu@E{@EMMy@]uAc@oC_AcCCQwAoBc@y@Wo@GEe@sBo@iACSg@LWTFFFC~@o@jDoE@Gu@{AeAsAm@o@W{@OcAo@{A]mA[y@uA{C}BuDOg@CQ@SSu@?MPQ?KW{@KOa@kBa@iAo@gAIc@c@gAIGESOMIe@[c@UcAKOYkAMOUq@QWIg@S]Qo@GGAUk@iAMIGg@S_@?QYw@MUGa@W[AWWe@YWIm@Uo@CSMMIa@[k@Gc@_@u@@y@ISIi@Va@b@MFSDHLKFk@HMFW@]ZcBHmAf@uBNwAJa@TiC^oA@IKGVu@VwBX}@b@kCJqAFS?GMO?KDe@N_@HwBc@kI@i@Le@AmAD[IiB?w@\KVe@Li@^]p@Uz@q@`@QLOfBw@BMPO|CmBBML?p@a@XCJQRE`@Y`@_@NCh@i@RMHDDKh@YZ[~@a@HO\UVEb@]F@FKVIRM@K\Kj@g@d@Kd@Y`D}BfBw@x@u@x@a@XYL?xAs@HQb@OPQLCDU`@_@RCp@i@f@MZ_@\OVN`A?BF`@AhAnARAh@n@l@d@t@z@NVhBdBdAnA`@T`@h@HB|@|@n@|@b@XR^bBnB`A~@FL\Tf@z@\bBNZEjB@f@DZCj@YvIG|BA`BOxC?d@Ed@@NEzAQfDBt@d@|@Bf@Xf@CNUh@APJVFFj@Pj@B`EhMR`@lAlDbDnJrEnNb@nAJHDb@lE`N@l@JbAp@dX`AdX?xALnCAr@DPHvBG^{@hDBh@CBAXJj@r@bBCHDHJFj@~@Vl@|@zAALMP[v@iCpEUVWj@wBzDQFOOAFLd@_@p@Od@_@j@k@xAEDQd@g@[WLUGgA_AONYr@i@Z[rAORA^cAhDCV[t@E\WRS`@[a@s@a@QfAIpA_@bAQx@G?KWGDBl@s@~@w@xBu@~BUX}@d@_@h@K?OYYWi@mAw@]a@{@SQWi@KcAHuBEw@KSGa@?uCAa@GOi@KQc@eDBqAW,"[('root', [49.408874, 2.809034])]","[('root', [49.410112, 2.807696])]",,2026-07-23
19372868275,a19372868275,svasHg{xRRLNZ@HKb@IP@FCJGDCPMVBlAFb@HlAA^@XJr@NTJh@JH?b@ADE@GCGFIBCD?F]d@CHIBGACFURCNG@IRIFEAGHKb@C?CJ@TL^@XBBNh@Pb@XpATf@b@|AFJTfAB@Pp@HJDNVj@l@p@R^VVP\p@t@Zh@HDLPFLLLFD\BPIF?TO@MHEJQTOVORSD@LIJ@BALK~@c@BDHr@FH?DFBFt@FN@NLJ@NNb@BBH^RZh@tATTJZF?j@t@FPX^LZD?JZTTLVt@`AJRX^DN\`@HPJBRKLPPJVYf@QHDXAFDV@ZFf@BFDRFNKRo@R]Vo@FKFY@_@KqB?SFu@Ro@Ny@HO^uAZu@F]Xa@FS`AcBBIHGL]VuA@@BGJ}@Dk@@k@Co@I{@I]Aa@CEKaAI[IGO[Ec@@MDGJCHI^Tf@RHFNB\VRXNFf@l@b@`ANT?FV\t@jBJRJLpAzCf@z@n@vAB@NZFDf@x@b@b@BHB?n@z@JBHJH@NNF@RCDIL[NaAp@iDlB{KVgBDMFk@J_@L_ADg@d@_Dh@kFv@iGBGb@eEHa@?KFg@DK?MNeABk@Ji@Bg@ZkBB_@f@iEBk@A[IUc@e@YUAEYOMKSGIM_@OUWGAm@[GGGCWSGAOKICEGUIKKI?IMSGo@c@SIMOG?MGOQE?AEC?GGm@YMMMIIAIIG?USGAUSOEOKCC?OGEOEGIa@Ye@QSMHQDABBJE`@BNERFN?HCd@@HADCB]Ao@@e@BSCW@UJaANoBXgBDk@HYBWLi@L_AIaAAGIEQRg@?EGGEKAOIEKo@YUSIAe@]Ci@@u@PmB?QESCEUGQHU?ID_@DKCEDQ@IDe@d@U`@]b@QZAR[vAM`A]zAA\C@?LKf@EFGd@Sl@Gj@Md@Ix@Mr@GLCRCBAREHId@Ad@EDE?ECGDSDUbAMZEBEn@Ql@[p@m@tBORSn@GLEB[z@]r@Kf@Wl@?FQVGTUZUf@SLMROFCFUN]d@Uh@_@l@GXMTEIE@GCGIIAEG_@KIMGC?BKEIICJ?MC?EGOB_@UI@]j@IDERE@QR]VEAKU[KOK]YCKKI]MIOKEG@EGSIGIGASKSDI?e@DEBGCI@,"[('root', [50.477384, 3.247391])]","[('root', [50.474994, 3.248815])]",,2026-07-19
19155090223,a19155090223,}rasHqjyRVu@JKDUBk@DKPALEH@XGV@NCH@HCD@RANGP?DBZINBTCHEXGJ@VKN?`@CRGTFHE\CBEL?BCd@GXFv@^`@TPRd@Z@FTDRLPZHCFKPKBELGJMBAT]LGVCTFHIF?FLF?BFJ?@HRJDCPPJD@FJDDFTMT_@FC@IFKDCBKLMLSZ_@PIRUR]HGRWDCL[HEFQJOFYN_@BOLQBULOFWDGBILYNi@JSf@yAHMBQHWDCDUFA\kAVo@Dk@@G?KXkAD_@JSReAJW\wBTq@DWFKHCNO?UVmANeA^gBFe@VqA?UDOBu@Li@@QJa@Hu@DETiBPs@?Kf@iCLy@Be@DM@SFWHq@BEJgADONw@RSNCPKH?h@IN@JCX@FEDG@UPuA?QDU@QBCLs@HUREFIJAHED?FIPEPOr@S`@UNEPKRIZQH?HKNCPID@nAs@HATMd@QD?PMXILIZMBEPELGFABC^ON?JI^Ml@IHD?HYfAITUv@MZU~@KTWpA[fAG\w@zBi@fAiAxAKTIFELKHYj@GJC@GPIHu@lA]f@IFGLKHKNKF{@nAi@l@Ub@C@[ZW^m@j@EHOLq@\I?g@PM\AVOhAEr@M|@?HBFDDJBJJH@LFJHVLVTZLXPLBR@VIJEN\@T?Zu@`EGz@K`@Gn@GTI`AEn@?rDIJK?OCE?WE[CG@QJM@GAK@MCKJKj@BFJ?VNJL~@p@XXLDFHZTD@LLHAJPHB`@\LFNXt@f@@NKx@ITMv@W~@A`@M|@CD?LSx@Kt@m@hDMb@?LKTAVe@|BE\c@|BQdBMv@G\IRGFADS?GEUEUO{@]QCQ?YCKKYMi@MGEm@Iu@ZQNIAMHYf@IFQZWREBKEIBICIEI?MIK?_@MK?[KOAOI[Ey@c@]]YOIQICQYOMQg@SSGIEOGEEQS[s@iBo@g@_@k@IBECSPMFCE?KIGQCSWIA]SQWG?Q[SQIa@OWGY[UGMGEGICQk@i@e@}@KIk@kBMW]eBIKKc@GKOCEEQw@Wo@M{@GQIsA,"[('root', [50.47733, 3.247478])]","[('root', [50.474826, 3.254486])]",,2026-07-02
18827764392,a18827764392,a{qlH{jcPDNB@?\Pv@JzACnAD\@p@D\@z@JxBFlB@dBHpBAZT~CFrA?\HZJz@P`@?J\z@d@|@Xb@F?FR`@^BFD@FJTNX\TJBHVHHJJDL@HFRDLAD@XV`@NJHVHZTXJJFPDTATJDD~@PBDF?\ND?VFRABEJGRCHHJTF?PNTHH?d@PNBBBRJJ@DBFCJBDAJJDCF@FFJBDILLP?JFp@NNJTHFDF@HFPFL?BFr@f@P@VPJAHJVFPJTDDDFDD?HJRFJHJ@BFLBBFLFBDn@f@Z^NFVTLFn@j@D@`@d@HFHJNHLTHHJTZb@FRX^FXTLb@z@JHHPJFNRP\D@HJHPLJBJXTDPTXFRDBFNPXDVZf@x@|@HBHPNL\l@F\FFBLBNPXPt@P^R^FFl@`ATVJRDBv@nA`AvB@H\v@f@tATx@LVDV`@`ALj@LPZdAFLBRTn@NZDDF\FBJZDCIKEWWa@Mm@Q]Ka@Wc@Kg@Qg@OYGS?SKMAGOc@CYS[CSQi@IM_@aAIOM]Ye@Qa@EEa@_As@{@KWGEMSK[MI_@q@Ui@Ma@Ga@KUESEEg@y@EA_@c@OKQUOOEQIGUk@]c@Uo@GEYa@]o@KIQ]Y]C@M_@SKOWKAEGMk@ICGQECU_@CG[_@AGKIGQk@s@MEQOAKs@m@KIMCIMME[a@E?SIMW_@SKM[SQCMMYOUCOGMCKKI?CEy@]QOSKOQ[Cg@WSE_@W]KG?a@KQBUG_@AMGSAa@YYC[OY?EEGUGIUAQNUAG@QKYEEGOEEEM?KIE@GACIECIAG@EEQCEEGBEAE@GAMICGI?QKG?IKUEKKE?IKUCEG_AUg@Uo@c@][EAMOCCIKEA{@gAUc@MOSg@GCS{@Go@GQIk@Oq@E_AIo@OcC@oAE_A@WEYE}CSmDEeBGk@De@AK,"[('root', [49.412496, 2.807665])]","[('root', [49.412337, 2.806734])]",,2026-06-07
18801521684,a18801521684,sbqlHktcPHNPLNR\t@HHNl@`@h@J\FHPp@Hf@@`@DRAh@BRHJL@d@QROTIBGDAZSJQTMb@o@LOFKFCJSLMj@aAX[DCFMFAVi@HCNYJIP]TU|@sATi@Zc@Ti@DUGWEc@EQ?GNULCHIBGAgDCc@?aCGWBq@CeA@a@CO@aAAa@GMAKBgAD]CWAgACM@g@Aa@@]AwCC[BMEYBSKk@KUCa@QAKKQ@g@_@]MIKMCAIWCa@[SEIGOEIKa@QIG[Gi@]QAII[MG?YSKA_@OMCSOMCMI[CEEi@WCCK?SOa@QKMG?OIKKo@WG@[MMBg@_@MEK?MKCBKIG?QMQACEMGYIOMMAUUiA]EISCEGc@QOKE@YOQUQCUMEDIK[GUKMQEAGQGCYMYUM?KEG@QKKDECMFKAOHKKEBCNMDUAMMWEMM]MQWMBMIK@YKIHQCKLSd@YvA?JEFGd@GNA\Gh@CJOPG|@H`@JPDf@A^DXd@v@BPHJDPDDHXLr@x@jBBRFDHTD\d@fADR@FERLFF?DB`@nAf@|@XX`@hABTHR@HNTL\NVFBZz@Vd@DPj@~@FVHHj@fAl@x@DPFDXj@JHLVB@FLD@Vb@Pf@DBV^`AdBp@|@LVNLl@fA@HDDLVZd@f@bAPRXv@RZDR,"[('root', [49.40887, 2.8088])]","[('root', [49.408693, 2.809369])]",,2026-06-05
18666595606,a18666595606,qbqlH}tcP^n@Pb@Zh@@LNTN^Zb@FZJCCF@VLTJx@DRCd@F^JPb@E^Yh@Ul@g@Zc@BGJKRWJILWVWZg@TY?GJGFKFABYZQr@oAh@o@N[@GZg@FQDCDKJER[L[Eg@Ia@IMG?CGE@KQUUI[WKGGG?KCWa@]SCG[YEAMOSIOSOOEA]c@IEO]EEMQCMg@a@QAa@q@u@w@KCEMGES[CAQa@MIIO_@c@O[]_@EKGIMGCKOMEQQMKSAKE?EC]c@KGKSE?I[WGQ[GQKIMQGEO]E?AGW]YIAMGQKGSa@IIGCYg@u@_AGICMGG]MKMIEWc@SKGMAI]a@AIKOCIAg@GOQMEUE?CKQWGCAKIKO[E]GEAGKMOe@KMWy@Ue@EUECCIIc@EEIOCQWg@So@GEQ_@S[CAIOg@_@MC_@[E?ECE@KGE@MCG@[U[AKLGFCLWZAJ?VEf@IZCVQt@Iz@CDMBAHA`AJTAz@D^HLFDBHNRPr@HLFZ?HPb@J\RXFXTd@F@Hd@HVBB@HJLLn@RZ?^NFJJBT`@x@FZ`@x@?HRb@R\N\FVNX@J?`@BDTFNLJXRXHVb@x@Zf@HVHHDNPZPXJHf@x@\r@j@t@BJLNZx@T^RVHRHHJXJFDHFBFP\d@Td@JLJTNPBHHL@FT`@T\BLLZLRJFv@xA,"[('root', [49.408848, 2.809209])]","[('root', [49.408802, 2.809141])]",,2026-05-26
18412567653,a18412567653,}fqlHyedP?Kk@wAYi@e@k@CSe@]Oi@?[IWa@y@cAqAEk@Q_@CQYWAUUSG]MMAIMSMk@OSEUDm@CYx@u@p@_A^u@?c@POLArAsCPo@|@cB^eA\k@\{@BQAWTOP_@T}@z@iCZqAl@kB@a@Ja@PWDkATcB^iENaADoAj@gGB[OYDGN?@I^_FJy@Bi@DUVsCNmBPyAJ}AR_B?MI]Jq@?YNQBIPoBBg@OUCMd@gAJi@HiANs@HuBRgCTmBBmAReB?]Nu@A_@_@EIO?g@Xo@Wg@Em@c@o@Gc@JmCHk@Ac@De@FeB?k@J}AAaANgD@uAJmBBwCDk@AMHaBc@s@Is@Be@E_@Ai@c@o@u@{@u@q@ISUIYc@E?QYcAcAMWUWQKYa@m@c@KWSMIQQ??KQIYYKW]U}@eAe@]Q]g@_@g@u@u@i@Ue@MCWa@MOUGs@}@YS]o@SKa@c@w@_AQKW]WQMSGAKSm@m@o@e@iCoC_@k@Oa@YkACa@@Y^}B?]d@kC`@wCP{@Dg@HYv@iGn@cEJg@p@mGLy@LG?S`@_Bt@uFj@cC~@}FXoBLmBf@eCb@gEZiBHeAbAgGj@gE^yB?a@Z{A\mCDBAJ[nAW|BGNCj@g@`DCb@WjBgA`GEn@i@rDEnA{@vE]hDYxAEj@WdBmA~Fc@hD[rAQf@Kr@Y\}@dB]|@e@x@E@[t@kAvBi@v@y@zA_@`AGDORCPi@~@Oh@y@xACTu@pAKZ}@lA{@zA[z@c@t@Mb@E@K\[f@Qh@}@pAe@hAY\UFqCd@aBF}AZk@@IHi@?aBb@cABkBZeDTeEp@MJJlCPzB^vHF\A^PhCTfC@v@\tEPlD?n@\pEFxAOLERB`ACjALlAAXTdEFZ?d@T`EAj@OdAJ\AJs@rFs@|CWdB?p@u@tCG|@SfASxBQv@?PSh@UrA?LEDEd@SjAG`BJj@DdAh@zCEl@B\r@xBf@jAtA`E`A~BX`A^r@^nAVl@LNj@lBdAdCRp@dAfCVz@h@nALt@Or@\rA@VJ?LXF\d@|@\`@zArCz@zBDVrBtGb@h@Td@fArC\l@Jb@~A|DlAhCLf@dB~D`BzCdAtB,"[('root', [49.408821, 2.809108])]","[('root', [49.41384, 2.811968])]",,2026-05-07
18336598986,a18336598986,gkqlH}lcPSAMOKDCDGR?NFP?VBNY^MJQf@MFE?UKGDGAOOUMOWGSKQMIu@M_@AGCQ?EEQ@[Eg@Oi@UG@IFG?MOC[_@uA[eB[c@MUASIa@O_BOc@Ic@?KKo@EGC]Ma@C]So@Ca@Mg@AQKa@Qe@Uq@Im@MSI]MSIW?ICECQGEW]Oa@CEGCEOGGQ_@]_@q@yASo@q@oAMQm@qBAS_@o@AMMWKIc@qAS_@MSI[]m@GYIg@[_@CIIGUe@CQWc@M]QSIUICEGo@sBE]I[Ug@?MO_@I[g@{Ac@}@M_@UYGUGEGQSYIWg@u@EUWYE?ISQy@?IKGGWEk@PQHAFFDVLTB^Xh@BVDDFRFJF@DRDBDJt@LPj@FJF@HXXLJJFCD@NALBNCN?RDHAD@NGDEVCNGDC?CTKF@`@YNLFOHCPUHEDBFCVg@b@Mb@[LDLHJ?HEF@J^F?HJDP?NJ?\PPf@NhAFFB`@LVF`@HJXx@HLDNHLBNEJ@Hd@v@DTFDPd@PTDPLNJf@ENXhADb@FPL\FADBJb@FL@JNVH`@FBBRHLRx@FRDBF\LTDDBADHFTARBHFBFRT^J^NL@HDD?HJBDHNf@N\PdAPAHb@NLfA`CNRFDJ\b@r@`@|@VVFLDRNHBFJHTf@PNFVLRDBR\HFNf@DBRZ@PFJJFHTNHJVVTRb@D@FNJL,"[('root', [49.40903, 2.808826])]","[('root', [49.40884, 2.808811])]",,2026-05-01
18132222877,a18132222877,e{olHsy`PV^N\`@h@DJJHHPNVRTFLZVVb@N`@\n@DNXb@JRNP@F`@XRXHFJNh@lA@J^hALZJRDNLLDNHHLVf@j@f@~@DBFPl@z@N`@JNJ^Zl@h@`BJTFXTn@Jd@DBDLDC@ACMa@y@[cAGMG[QYEW{@iBGWIIYs@y@iAe@u@AGIGGQg@s@KUIM_@sAQ_@?Iq@mAKGKSQKMQKCS[GYIMMGKYIIESMMCOa@k@CQKUG?KQc@a@GUMIIOKKGUGCk@q@Oa@IIMWU[GMo@aAECMMUQi@m@E@IIY]OCCG_@WQQMGUYYOWWi@UCEIGO?EGSGIGo@UEESIg@_@MEI@GCSSq@SKIm@UCEI?IKSGSAKGS?UGGBaASWOg@G]QE?GCIMWMWBOFW?kAe@yA]]EWIg@YGGOEWQSGa@Wc@GUMMCu@g@IMYOo@q@s@aAaAoBG_@GIGQM{@M_CQwAE{@@_@EeA?YMyCBWEa@@WGi@GeBQmCBGGk@@eBGi@BYG_@KYGYDCF]JEXHHDF?XHN@NDR@NDh@BPD\DLFHJBNT^LDPRLBF?RHLCTS@IJKb@q@V@D@TZRLb@d@LD\Vr@VVDV@HCPBPCZCDBVAZCJ@j@@ZCHIDM?I,"[('root', [49.403352, 2.795985])]","[('root', [49.408787, 2.809131])]",,2026-04-16
17794655129,a17794655129,i_qlHuhdPpAsBd@a@?K[e@CIYc@IEU_@WUOWIUBWAKECGAGKCK[[u@aAYY@CAEHW?O@Kt@cAR[DOdAgBh@wARWTg@\g@L_@^e@HUd@m@p@qAEGc@SWYE@o@QOKGAc@[SEE@KIE?KCEESGIGSGc@YYIEEG?IMKGm@KGIEQKM?OP]DWEWBk@LYDSJYZu@@MDIJg@d@qAF_@AKEIG?ODS?GEa@PSBKFY@IAIBGCABaAJ]JEAIHELMDKAWO]FyAHG?IGUBWEWAGCM@MCGDYIIFc@EGBOAEBQ?IBIEQE]BGCGDI?GJIXEDIBCCC`@G?Sl@ER@RR\DPCFMFM`@YVMRONCJOZ?JENEF@xAMt@B^Jp@@VDf@CZF`@AhBING`@@ZARDLBTED?Hn@hBVhAJ\RTDLPRHCDFFTLJHRHDHGBG?f@CTCDNTP`@RZHTFLBJV^HVJHT^BD@\HX`AtABJLLDLNPP`@PTJXVZBHXp@HDVd@`@h@v@rA,"[('root', [49.40883, 2.809077])]","[('root', [49.408917, 2.80895])]",,2026-03-20
17716772496,a17716772496,c`qlHqocPP\PZDBVf@Tn@?VFv@Ap@ITGFWCQBGCc@Do@AK@ICc@?WEc@@OGK?a@KYOIIUM{@aAKGO?M@EDu@rA[B[Ic@]S[CMY]UEE@OCYACC[AKEY@]GWG_@OSC[BMIKs@Qk@WcAIk@EQSYGOe@iCEYWaA]iCMe@Ie@MeAw@yCOYMg@OWIWk@eAa@}@c@s@c@w@u@cBYe@M]Sc@a@eAMi@a@}@Oc@AGIMSm@ECSm@eA}BKMMe@EGk@sAQ[Yo@IYCCM[a@q@AQe@aBMGIc@oAyDUc@[{@OWCI[e@[s@IIEKCAQ[OMSa@I]IIEOEa@MYGa@BMLEVFLl@NT?FRb@FVHTDB@HHNFJF?BHT?RTDCLZBTJTF@BPHDFCLHVER@LDHCVB^?NCTB?Ln@~@@DZZFBV[FWJOHG@GFCHQLDFAFCJ?\RJPL\Fd@LHNj@LPBJ?XFDFRBXFR@TNn@@FKPVTHLb@]FOHAPURGJKLIDILK@ID@TPb@w@RBBFH?JT`@ZJNLDBCDFHDR@JLL@Zj@HHJDTFFAHBF@HIBQDEDa@?[^iBHALQDANOBq@AUII@GPe@V_@BKB?XDHDL@NFNCHDDAJHRDl@j@TL@Df@P\DHPZ?FALBJTLPPFFFNDBDb@NF@DED?HL`@RHJRL\JHHHCLJLDD?PFFHD?DPDBRANBHLNDDAh@VFHR@NLLDH?NLJ@`@VJBDBCHED_@x@GR_@t@]z@GBOOM?OWIGE@IXU`@ERSd@_@h@@JDHNLJVANU^?NLJ^v@DBLVHDJXF?BEHc@Tu@BUHMHQNO@IHELSNEJFJJDRF?HLHARFDCR]D@VSd@_ANQnAmCR[DCD?JJPBl@XN@lAv@l@RRNNFBDPD|@^JJFBDAPP@`@LZHtC?xAC~@FhA?JCR?XFb@ArCBFCPFnDCX@VAHBRAJDh@AlAD`AArC_@LGR@ZFHDTBl@U`@WZCHa@p@O\mA|A[j@GNE?GDENONa@x@OLq@~@SPEP]f@aBpAG@_@R_@HMKKyASc@Ko@OYWq@Ym@,"[('root', [49.408877, 2.808894])]","[('root', [49.408883, 2.808989])]",,2026-03-14
16881666241,a16881666241,gvasHm{xRDBTf@IV[b@CJ@PIl@@j@LlABp@Cj@@h@FPHf@^|@F@UTBLGNKBOTMFGXs@v@e@r@CHML@JFJD\Lj@P`@BTFNHj@b@`BVv@Pt@Pf@FV@JFNb@v@X^R\lA|Aj@n@Xb@LFb@l@ZBHA^[FMh@g@DIf@WZIZQHANMPEFGdAqCFYAKGM[mAs@{AEQQWEO[g@cAoAGSm@gAECI[MU,"[('root', [50.477383, 3.247333])]","[('root', [50.474755, 3.241499])]",,2025-12-30
16827210549,a16827210549,mxasH_lyRNUz@sBJITs@JQt@yCN_@F]DG@Mx@mCHa@?OJi@Ja@Jo@Nk@PgBTkA?]TmANsALUFa@Re@ZMP@HEJ?PKLMN?n@U`@CVCB@DCD@p@KtAGDHHl@?Xg@|AWH_@FMHCF?JHV@X?j@BJALBHBFLJBJXPPTBLIVOREPKNCLOTGb@DFFFBHF?BHFD@HFF@NDDDLb@`@X`@FDNRFBHAVc@Po@JOD]JMVeAVe@RQFAD@DHHDNTPN?LW`BMb@C^EDMrAIV@XOj@ATEFEPKTIZEt@Rf@R\BLJP@JLN?JN\JAJLD@HAPHDCF@DCJBFFLD@BB?DF^DFFRH@FHAHWN?DPDBFC@MJQBKLSJGP_@Zc@H?JSH?HL^RFRVRDHFFJBDLD?DB@JFL@@FAHNLJH@HPLJNTXXBHNPBPTn@D^KRMFORG\a@r@?DSf@Oj@Oz@GHGVYnA@V@FJFd@PXFTZPF`@@JLv@RJLLDAXUl@Il@ILCf@Q~@EDKr@M^Ml@S^C?I\BLJT\pAJPF\LFT^CPDZDv@?ZCTUl@KJOj@EFUd@I`@KVGDK\C?Yj@EPA?EZMVGBI@GBAL?XALIJCPKJM`@GFMd@ILKb@g@|AOr@Wd@K^g@lAERGJALEFGXGFIRGHCJMRu@n@UTKFSXWPKRC?ONA@GEGSOS?GKSGCUc@KIKSEOUWISIEAKEEGCAGISQGGUIOUYIIC@Qg@CCMQIIEWEG?IO]?OO[?MQ[GCAI@[EYA}@Je@?CK?AMBURg@BUDCDUAOk@iBIGCGGk@SMAOa@c@Si@EAKKGAEKC?MEKQAAABCIKK_@{@KMC?EWA[EUI@SWUKIWMo@ISMWC@IWKDEWKOG[IMAOG?Ic@Qa@AMMGCCOGIYQWa@oAGm@BMC_@Mg@CACECUSo@AMM[Y]IU[c@OAQMIKGAOKCIMAGIC@KIQg@MBQKE@KOMIFU,"[('root', [50.477036, 3.248167])]","[('root', [50.477161, 3.247089])]",,2025-12-24
16486365552,a16486365552,q|a{Gufng@i@AoB_@sAMk@K{AKeAFwAVgDv@w@Fo@Ai@Oo@Iq@O]QeC_B[KQBICS]SO}@o@{BwAe@c@iCoBuCiBOGQEg@[GDAN?VDLHBX@BDl@CZRH@JDl@d@d@Vb@^dAp@jAx@LNl@VlBnAIAl@b@Zb@JDNAb@R~B|Ax@\\BLFNA^DnA?l@InD{@z@KRIv@EXB\ATFh@B,"[('root', [46.544853, 6.631779])]","[('root', [46.546013, 6.631721])]",,2025-11-17
16439594522,a16439594522,gab{Guwng@Bx@LbAAVGd@InBIHk@Lu@ZC`@Ff@?RFTHRJLbDb@,"[('root', [46.547029, 6.635831])]","[('root', [46.545094, 6.631684])]",,2025-11-12
16118782896,a16118782896,qta{Gghng@RYVOZ]Ri@`@UVWZINIRE^?f@DZFVBn@CvAk@fAs@VIr@MJ?f@M~AQv@Sn@Ij@CrB[FIL_@`@]Vk@X]DSA[HS@UJ_@NUBI?G?AIAWCO?YBm@Ga@DWAa@@e@Hc@GOGW]YQIKEMKOk@m@MSu@{@g@_@mAoAUGSk@o@q@u@o@oBcCQIe@KUOISBUCK}AaBk@i@}A_AeA]c@EkAAWh@m@z@,"[('root', [46.545065, 6.631565])]","[('root', [46.545511, 6.639625])]",,2025-10-12
16110861556,a16110861556,}xb|Gqc}e@ZHDA@DHDJLRFNUVWLILCJDJ?FNBh@JVFCLDTQPEDH?TFBHTRd@LLNX^`@JBFALG,"[('root', [46.713917, 6.380254])]","[('root', [46.711931, 6.379197])]",,2025-10-12
16079188605,a16079188605,keb{Gg~ng@XA\F`@?RJD\VzEN|@?XMj@OvB]^Qb@Ue@UBKJ@dBFX^Tb@?zB\hADjBUHB@HCB?GBMBB@f@i@VWZH[JGDFHM@FDCJKFQ?MGAOJNI?KQ[MFUZQFq@Hw@Cy@KWOQYaB[MIAYBi@Hk@d@Gp@UDI@uBTu@Is@QiCAu@KcAII]Ec@EID[GCCCID{@EUNu@L]Je@H_B[oB]iAGCSTmAtBDb@FTV^FRRrBJF`@M\{@Ls@Ds@MkA[}AgCjAQTUDw@n@[NKRq@RWXWN}@`@[@iAr@iAfAm@fAi@Zm@`DU~Aq@vCMXk@|AWGyAkAu@e@c@@SGc@_@g@i@kBiAwAgAqC{Ay@[IAEDETE@GUi@Ok@Kk@?a@QuA[w@De@We@Km@A_Ds@{BUSDUGS?YPGTBd@\`Ab@bAr@zBVd@\`@N`@RL?b@BHjA|Bj@fBn@~Av@tAt@jA\Tf@p@tF|Er@r@ZRp@t@NHp@v@NZTP`@f@FGLq@T[La@t@oBL{@EiAOqAAi@a@oB[u@GY@k@Ga@?w@RiIFq@_Ae@qBuAmB}@I@GVIBO_@a@Kk@K_BMc@IUMgBSmA[q@Cg@GMIeBGu@Mc@Uk@I]?QT@Z`@nBd@hBr@~An@hAJ\R\Lh@h@bAdAhCRXXp@NTfBq@TH`AUjBFxANRGh@Rp@HPCRF~BG`@BPNBD?p@Nr@P`@TlAJnAXbA?\Ef@BHn@Jv@VvBT~@@TNV?fAPFOD[IkAAk@@IfCKfAUHMPm@?YHW?sAFc@T[h@HDEa@g@IGaBQm@OeC_Bq@mA?[Jg@VeBt@}CTsA^w@NoADINIl@E\QlBA~ATh@PLAZQlBBNGr@CR@h@Tp@ADMEa@Sa@CWF[x@_C@Q?u@AWGWCi@Sm@Ii@MSe@x@i@h@w@Zk@d@cDnBiBz@YDOH_BzAMTCN@JFFhA?t@Ab@KhCb@rFId@DPIB[Cy@Di@CGQGOJGCKUYmDMe@CYj@_@h@y@PIFHDl@ZrABlAEn@IV_@x@I^Cj@Fx@PXlB?FJDR?l@HtBT`CAPQt@@t@Kx@y@Zu@NCF?VDTCRDj@LHn@@TZTA~@T|@B~@?lAMlAc@,"[('root', [46.546947, 6.635409])]","[('root', [46.544587, 6.631939])]",,2025-10-08
16053271226,a16053271226,m_b{G{fng@E]_@K?KHy@DCHDd@ET?h@S`@]JWJs@LmCHWP[f@a@\c@HUJOB]Tu@J?LL@IGe@BEBAVDn@CfAMJG@GZcCDaBLwBF_CVcEH[De@EKwAwAaAo@YOQOa@GaBm@MAc@@GAYBQAOMi@QeBSk@UWG[Se@Eg@Fk@EW@]HQA?ELFfAMj@AHHAJ[HG?WCE?IFg@Cq@LUHE?[M]I_@@GAe@YYc@G@KL@BD?LGJDBJELGH_@P[ZSJK@OPu@F]LcA@]Ly@d@s@p@u@`@WPe@b@SJYFKHAFKLKF]Ja@VMDq@`@[x@MRUn@K^O^KN_At@a@`@Oj@CTSVCXCFYWMGyATg@@i@Ia@Be@Ak@MYHiAHi@Tg@BYJUBeA@CBCHCZDbA?LYCc@UI?m@KOBCNIFyAm@YC_@?WC]AkAKOESMIDINARN|@FvAFPPXN`@Rx@f@`APd@r@lAXdAl@hAPj@h@lAj@z@^~@d@n@Vl@XVTZZXb@h@TJXTj@h@d@\\b@^ZJL|BhBJNd@b@dAlAf@z@D@DAJQP_AN[PUF_@d@mAHg@HIX?`@T^HL?VLL?XFb@@JCJ@bAh@F?NGL?t@LPID@JTJDREz@UV?j@NTL\Jh@@^JXAJBd@d@VFb@APIHMJGl@BR?dAWLJFHNBHANKT_@FCv@WzAY^ShA_@P_@Lc@TuAVk@?SMKMCKB_@NGKBQZKLO,"[('root', [46.545082, 6.630994])]","[('root', [46.545332, 6.631108])]",,2025-10-06
16044720708,a16044720708,k_b{Gchng@i@Sa@GeAGIECO@aB@SHBPRJ?TK\]BsBBQL_@?Sc@{HCEYGo@@[AIMCMCs@@Uj@eCDa@?SCo@Io@Y_AIe@GKEAWRW\k@j@y@V{@h@_At@[N]Z{BdAULa@ZgBvAQb@GD_@NGJSpAc@hBg@pCYvAYp@IZS\GDKAKGy@w@yA_Ac@COQg@]OSg@YSSc@YEAEBGTOrAQfDC~A?r@LhBFPVd@b@rBJ~@HrCDHp@D`@JT?\JfAJ^Al@LZNV?hARLFJJFBHA^QNCnANd@@p@Jf@Bj@Lh@@dBAtAJjA[^On@KTOPCXBPG`@IPKbBk@JQNk@Vq@`@}A,"[('root', [46.545058, 6.631115])]","[('root', [46.545341, 6.631137])]",,2025-10-05
15955065936,a15955065936,_em{G{r_e@IY?QEEOJGGMHO?SH[DOAUWMK]KEAOHIHI?CCEICi@Im@Qw@q@kBSa@UQs@{@aA}A]]YSW]ICk@sA,"[('root', [46.603207, 6.229107])]","[('root', [46.60634, 6.23256])]",,2025-09-27
15925295452,a15925295452,{eb{Gc`og@?`@DJPHVDNEZBZFBFD`@LVFZ?bBTxB?`@Mf@Gv@AFMNBHPHBVKTo@LMAe@DMn@HP@HVPb@d@\Rp@TPBPBdABv@AXCNKX?NGBVCBIQ,"[('root', [46.547023, 6.6357])]","[('root', [46.544903, 6.631741])]",,2025-09-24
15923616325,a15923616325,mza{Gigng@GGMC]AI@g@EEBQ??L}DoCA_@f@Yl@IF?FEFc@?gALe@?YUwBEo@?]IaA?]Ei@GEKAqAZIEM{A?e@CQGKMICGE_@,"[('root', [46.545195, 6.631739])]","[('root', [46.547193, 6.636341])]",,2025-09-24
15846809469,a15846809469,ucb{G}}ng@`@HFEL?HJD\A|@\~EQdAAn@Gr@QNg@J_@NIF@zA@TT\FBD@TALDh@DfAV`ADLAx@Mp@ODBBJABGCF^AHMH,"[('root', [46.54667, 6.635355])]","[('root', [46.545085, 6.631357])]",,2025-09-17
15753134609,a15753134609,keb{Gwhng@o@Ke@Ai@Dy@JoCj@YJ_ARa@DeAB_@Em@K[A]Kw@c@kAaAk@SSKWCIKGUIMa@a@i@Qq@i@KSWYMIQ@,"[('root', [46.54612, 6.631755])]","[('root', [46.554182, 6.634572])]",,2025-09-09
15617615157,a15617615157,q{c{Ge|ng@`APl@FXNFXBBDAJSL?r@Tz@`@\Vl@h@~BvA`@P`@ADBh@l@DLPJVVz@d@h@^lAhALVDDF@NCNDxA`ATTPDn@b@x@TjANR?XEP@`@Kr@KBEFCLBNIXGv@K`@Od@KLGjACBGECPHXDdD^x@Nf@FdABfAG^I,"[('root', [46.555612, 6.635077])]","[('root', [46.544966, 6.631753])]",,2025-08-28
15617495839,a15617495839,sxa{Gkgng@UGI@WNkABiAMsA[gBQkBGe@@{@Ju@T{A`@iBZg@Bk@?yAQw@SaCeBWOSIGASDEAGIGSECOImA{@}AoAIEgDoCOGWQUG_@WiAcAo@OK@GCWQ[KO?UREEESEESCYMaBSYI,"[('root', [46.544909, 6.631747])]","[('root', [46.555867, 6.635164])]",,2025-08-28
15609066657,a15609066657,}ab{G}|ng@NTDPObADj@Fb@Ll@Dj@?ZMt@@dAGf@GHWFABFFADO@UIK?_@XBhBDTJPHBV?p@Fb@FZLhBFhBYH@@@CH@H,"[('root', [46.546391, 6.63519])]","[('root', [46.544882, 6.631642])]",,2025-08-27
15555076177,a15555076177,e}a{Gggng@SD]Bo@OSIy@KqA[i@EUDc@?aAF{@JYFk@Ru@Ha@N{@PgAF[AOEk@]m@A]G_B_Aa@[UK[IU?MOIWEEkAcAi@Yk@k@_@Kk@i@u@]q@o@WMyAcAo@]]_@a@[k@We@MO?GFMRG?EQEG[Cc@Uc@Kq@Ke@Am@OY?UCMFK@GA}@m@SAUJ}Ag@]GYKOCwAAc@MYQa@GIAIFKV?PThBRr@F\fA~CTd@RXTb@r@jBfB`Ez@dBf@x@h@r@\n@LBd@`@JBlAlA~@n@hAhAZTPTh@b@RXVN`@b@^f@XR`@t@NNF?HKPk@?KJQG?FSf@i@ZkAHo@DAPDRIb@Hx@Tr@AXJNLbAPJFJDXAVF\LJCHQLAJTHDH@\Mr@HtAVbB?\Rj@NTBd@Gx@D\Sz@YRXLHF@XIVSlAa@d@Kj@QN?ZKd@]d@QJKHQRoA,"[('root', [46.544903, 6.631764])]","[('root', [46.545666, 6.630848])]",,2025-08-23
15485737645,a15485737645,ixa{Gugng@Rc@JKr@]PQF@HC^UZGl@_@DE@I?e@Jc@T]FERBZAXEFG`@g@NMFIDSAmAN_@HK?EEOC?q@^E?CEJGTEh@Yl@g@P[JEVEFCBOBBV|@ZN`Ap@N\ZVf@JVG`@DX?XC`AQJBFCl@Mt@Uz@MP?j@GTOr@[BGAYNu@PSFSb@Q^?\J~@Cb@Ed@@PAl@TTCv@]l@g@HAf@mABWAQ?GNs@LOLET@J@NH\FDARMZM\KPKREb@?PKZq@b@w@Jc@XSXe@h@cCLc@LeAL[d@o@VYb@]R[NKLSCc@Oc@Ge@a@_@g@m@m@C]\KNKRKb@g@`Aw@j@MFW@SFcAFWFSHW?c@H[P]FYJg@BQCWBQFIHcAVY@s@?a@Pw@Ba@J[EQD[@UCOEe@IKBs@?WCODOAQBW?]Ca@DSEOAODa@RYIKBSZOHu@^i@RUT]fASVWl@SZ[xAAJ@HHPNR^XTTPHJPj@d@PJVZTHd@ANEbAg@f@IP@NALENO`@INIv@KXKJ?RB~BSH?NFVC~A{@JK\Mf@g@TGJG`@G\O\Ol@c@IMCMMoBe@a@u@]e@MWSc@UY?o@CgATUGW^]JQJSXG`@@j@Gx@HXNNRVTr@RLJ?x@U^a@T_@f@kARaB@YEKQEq@Fk@LWCCCWq@KIOGI@_@Pe@I[O}@?gAP_@@cAROE_@We@HE?SZw@j@QHw@VMLQXOn@[|@_@~AW^c@nA}@|EI\_@z@Mv@Qh@EZAFi@h@GTQNAFA^@`@CNITKLUJKLWNKBQ?EFWBUNKRETAn@ANo@j@qAz@[LUDk@PYL,"[('root', [46.54485, 6.631796])]","[('root', [46.544955, 6.631801])]",,2025-08-17
15425210735,a15425210735,awasHcnyRLY`@s@h@uApCeKF_@HaAf@yCPcBd@kDH]^gALQRMv@EVGt@g@VIrBSd@?h@GHFBN?f@BLDDXGb@EJIJ?HG\iCBOHEJ?\Ff@b@t@BPFPPTNR?ZPDALc@TiCHmB@wBEcAAaAEgAMy@?ODMHCPJ`@h@`AfBfAnCfAbDRz@JTn@~Br@vBh@zBNRh@^TL^d@F?DEFg@Lk@PYNi@DGHWh@uC\eBHq@Go@HSZg@Jq@J_@Ho@Xw@BY@_AD]fByKt@yF\cBL]HEv@E\QL@`@JLKFQX_DHm@HgA\{B_@g@Wu@Ga@B[TSXGJ@HHHZD^CXFALa@FMTGN@HHF\Bj@ETe@^q@XKPGj@KRIl@@FBBFAXQx@UjB}@fCaAh@[tBs@hBgANEXM^Gh@Uf@IHF?HSh@CTYx@_@`BQb@]rA]vA?H{AxDWf@c@d@[d@EJQT}AjCKHIVUTW`@u@|@a@`AQJ_@NMN}@fAm@j@c@h@e@T_ARCBO\Ep@MdAE~@If@?PFLr@\TFnBjAN?ZYHAF@FP@TIt@a@|BO`AE`@?d@UbBIrAE|CC`@EJu@Ii@FGDe@IK?KBEFCHBHFHpCfBb@^jAd@z@n@VHr@\fAv@b@Hd@`@b@Tx@j@J@X`@P@n@^b@RTXp@l@FRDZA^IZMz@q@dGa@rCmAdKYtBWlCYhBC\ENKjAKb@U|BuAzIq@~Di@lCStAa@lBCXU|@GJQFGA[_@MCKI_BeBQ[a@k@y@cBi@w@I[[y@wAkCKc@Q[w@mBw@iAa@_@KEa@IQIUEg@WQSI@GL?`@HZDFTPDN\dEB`BEt@Kr@Ot@]`AU`@iE`MCb@JpCCZGNa@l@Uj@_@t@IF]SmA[s@GQBQH]f@EBG?i@y@]q@e@u@MMW?QK_AkAGWS_@m@u@G@GZO\EDgAdB[`@E`@{@xAOl@KDYk@qAgBgAkAkBsA_@][_@Qc@IiAOMGCSJQC[_@Wg@_@}@Mi@Ys@aAmC[q@Yg@IWMUeBeEGa@Qa@Mo@Gg@@g@E[y@wAYcAQa@oAiIGu@NgAHuAf@qB^cAb@s@Rc@P}@FOHMTOZaA\{@XeAbA_CPu@Zk@,"[('root', [50.477347, 3.247477])]","[('root', [50.47697, 3.245887])]",,2025-08-11
15234552392,a15234552392,_~asHo`yRe@pA_@f@Kf@gAjDSbAAl@K|@A`@Dj@Jr@dBbJX~@NRF?JKHCN@LCr@s@JGD@b@~Aj@xA~@vCf@jB`@jAPV|@|@lCrDd@`@R@LEPQd@[V]f@U~@UJGVUXm@v@sCAu@Qm@ASbAmCNWNOHM@I?k@Jg@DUTm@Ly@\qACOYKKISu@Ya@Ui@s@wBi@oAOk@_@aAY]_A{@m@q@a@s@Wy@e@gAOm@Se@We@QWKSSUIUUIUS,"[('root', [50.47734, 3.247464])]","[('root', [50.475719, 3.247229])]",,2025-07-25
15188134722,a15188134722,e}asH{`yRI?ED]|@o@`AW~@g@dAc@bCCb@@d@O~@?\Dd@x@hFt@jD^z@NPFADCP[LIZQN@RKLQHBHP^bBXp@Rv@d@pAv@xCZv@Xh@zAjBd@v@fBzBLB\Gd@[j@e@lAg@rAu@D?DBJr@Xt@Nd@HRNJHPJv@Jb@d@f@fAlB`@h@zBdDJD`@k@LO|@o@p@q@j@oAp@mA~AaFdAmCX_AP[@IEM?MJINGDGZaA\q@ZcAr@{ARq@H[@a@IwACIMU?S@c@Si@GQ@KBQNS@I@SWi@AQXiATwATcAf@cBb@{@f@s@Xo@Z{@Jq@LmBWeEQuAE{A?yAOaCESKIEAUBc@AQBQCu@SCEAI@IPc@AIgBwBEAOOOUBIT]^cAn@qB?i@H[p@uAd@gCJW?KKY}@y@Ya@mA{Dc@_AG]YiA_@cAYkAa@eAk@oBq@_Bq@kAGOKKYOOMGAGL?TP|@BVBzEEjBSlDUbAa@vEYp@K`Ak@nCEp@y@xFO|A_@zBO^Mb@E?Ma@a@g@g@s@]s@{@qAg@}@[a@m@cA@_BCaDq@_GI]Bk@E[ICcAr@aB^KLQb@Ir@UrAG|@a@~BIjAOf@Kv@I^,"[('root', [50.47729, 3.247499])]","[('root', [50.475564, 3.251685])]",,2025-07-21
15104290151,a15104290151,qbzeHyawWz@r@`ApAn@t@bGrDnA|@XJPRxIdE`ATtErAJHp@Ff@Z`@D`Bd@~@`@t@PlBt@r@TnEg@J@tB[n@CfAQLKj@C\KNFVAf@SxEqCr@WfBkA`B{@DME]HQ?YDGvFiBJ?tAs@z@OfCcAHUTaAC{BImAAmADGpCc@vAQNILO\INMd@MtBYD?HTF@t@SnCg@`AOFFbAxFHHZ@dBOr@QrAQRMVCrB}@d@YvAe@\]h@a@LWRO`@o@x@{@j@_AbA_Cb@mABQ?]BOXSJS^_BJ}@V{@FKXSTu@LQD[X]Po@n@cArAiAd@HPCt@d@\Zr@^XV|@b@x@V`@\`@RZ?tFqIZMH]jA_Bn@sAJMDQ^_@FMHc@L]x@qA\UPk@Zi@TYNEz@oAJGRWHQNKTDn@x@h@\LRb@Z\j@h@l@VJl@x@|@bAf@p@x@Zn@n@HDd@_@FWVk@Zc@XORy@\}@HGNa@R]Lk@FEZLTTN\F@PWHC?CB?Vu@CAILOd@GBMK]q@MIMBSJKXSx@QZWt@u@tAmA`DUAg@Sq@q@_@M_@Wo@aA{@cA{@k@q@iAqAaAu@}@e@e@u@oBu@qAKYY]m@{A_@e@w@aBGWy@{A]}@IEONUp@UTSFQVm@lA{BrDQb@w@pAO\o@fAIVe@h@QHECQQK_@q@_ACMsAmAoC}CSa@aAaAYOgD{DEIAe@GSECUBo@s@_@Y]SIAADA?GWEKUMoAgAm@u@e@c@sA{A_@Oi@_@o@q@cBoB{@y@u@kAe@g@[e@i@W]m@UUWKM@UJe@`@UNa@PYR}@ZwA~@{AfBwB|BKD_@DeBfB]V[f@{@|@o@x@gAbAeAp@E?QQQBMTKf@OPq@j@w@fAiA~@i@`AUTiAv@_@d@a@|@oAbBiAfAK?GGIKKe@KKIAGF[x@QN}@`@WViClAQH]@GBqCbBS?[ScBm@_@@MFiAn@}@l@KB}@n@s@p@mCfBW\}BdB]NgCvBw@f@]^gAv@mDzDs@Z_@?OFGLIn@EJu@`AWf@mFzHKTI^O`@UFKCSV_@Tg@j@k@bAk@r@YVoAnB]^s@tA_A|A,"[('root', [48.307773, 4.055495])]","[('root', [48.308137, 4.056384])]",,2025-07-13
15072313748,a15072313748,_}asHgayRWVe@hA_@p@I`@k@bBg@nB_@|BAb@Dr@TfBCx@J^rArGDh@AZEPW^MZ_@f@O`@c@j@Yf@q@dCGZU~@Ej@I^S^]b@q@fB[f@e@~@OTMLM?GAYSS@ICk@i@KSOQ_@Sa@[GAMDURM^m@rAUZIFYBUKgA{@WMWUWOOGo@KUMm@We@O_@Cc@Qe@C_AJa@?aAKuA@[C]Bk@CcBF[AWI{@e@kBg@}@SWCM@EHOBKNQJi@nA]XIDOBIAUQa@c@[Wq@_@m@i@]_@MKWM[[WGO@EWCNMJi@VSZKBIA]LU@SE_Ac@U@[TW\IT[XeB~CITOt@OhA[~@Q\Sd@ORENGd@Op@m@tEOrAKrAs@tEOpA?b@PXxAlAh@j@PLTVXLNLh@X`A|@X^ZP^l@tAvAj@z@JHbAdBV\\r@NJ`@fAXj@PFf@t@t@r@DN\`@RLBDFj@BD`@NPJn@dAZXZt@HJHTb@n@JVBNfAxB`@j@Rb@T\Tl@Zn@l@x@^t@JZFFP@RGPSXc@\iBRwATo@N}@V{@P}@Le@R_@`@gAJSFg@\u@Nq@r@cAp@s@d@o@hB{Cp@aBh@_ADQr@wAN_@f@y@p@}AlA}B^eA`AoB^{@h@cBXe@x@wB\m@dAaC`AeCRa@\{@f@gAHYDa@Oo@]s@M]Ae@@]DUJWT[nAcCf@{@`@yBVcAh@sAD[r@oApA}APKNBPKDQDo@FSHMrAsAHAZx@Hh@HLv@jCP^b@zAZtATn@PXj@p@PZhA`BVVPJdAzAV@JEZUb@Kd@a@r@Yb@e@n@c@LY`@kBX}@?UK[i@gASUs@qAgBqCs@qA}AgDkB}ECGMGYi@Wq@a@{A?q@AKa@eAESKUOi@a@k@c@_@Uc@y@i@ICs@}@GQ,"[('root', [50.477339, 3.247318])]","[('root', [50.477634, 3.246538])]",,2025-07-10
15061922750,a15061922750,s}asH}`yRGBCHOr@GN[V[f@Gh@MLOf@S^Gl@Sv@MRGl@Bh@C~@DlANl@|AlI^lAHJD?FAPYRQJQNGJBTUD?PJR`@`@~Aj@dBTh@`AfD^fAfAvAr@bAX\b@r@z@bANJR@JCTQXIf@i@vAi@\]VELGX@NRDJBR?`AJl@Lb@\x@HTt@xAzA~Bp@lALRh@`@RDHHLBPMT[JGHMLGBEb@UXe@Ha@^GHIXkAd@kAp@aC`A_DT_@Tm@Po@b@eAVu@h@oAh@gA`@kA^w@Hi@?a@MmAAIOU?_@Uy@Aa@@IDET?r@OnA_@l@GTMf@m@Xi@|@uC`@y@H[Hu@CwB@IR]JC|@f@b@Lh@XRCBIZcBNq@HaAn@sCh@mDn@oCN}@d@sBZiCj@iCD_@AQIKUKQSa@y@gAcA_Ak@gBeBaAc@k@O]W_@QyACu@Oq@FWEMISQKUKc@OQa@[c@Qc@]OSSi@[iAWgAg@mAOq@O_@CQSg@G[ECASS]i@wBEY@OUSOo@_@m@OOU_AGOU[SMYOMCG?GNAVJjBJvF?j@GrASxBSjA[fEq@~DWdAKjA]rB]jDMh@Kv@_@pBCFKDECc@k@[WYaAUi@QUYk@gBsCa@aAGcADcAE]?mAk@mFI_BGOEEE?SHk@V{@TUJKJSj@Mh@SzA[dBEr@@|@BDCL[j@EPIhAOx@m@lBiAvEo@vBq@xAi@vA,"[('root', [50.477413, 3.247371])]","[('root', [50.477446, 3.247082])]",,2025-07-09
14737999671,a14737999671,{`qlH}mePdAyBDSCIk@{@yAi@eAg@CIASHa@@g@dAuDz@iCHYDe@HWJU@q@X_En@uGViDj@eGH}ALuA`@sCDs@`A{JC}@Hg@B_@Je@@q@HgA?u@T}AR_AFc@v@wKVeBH{BJcAEIOGUQ]@a@GQQ[ScAYc@WaBW{Ag@qAIWGq@IcAUa@AaAK_B[UHQPa@v@]^SP]Pa@r@ERAb@Fp@ATEjAEVMbBBfFEnEBdAELORARRl@JR@HCPg@r@eAz@[^a@\k@p@_BtAk@|@o@z@k@^s@j@w@|A_@j@]\gA|Au@pAc@`@{@`AyAjAG\WNAFHTZRj@d@^f@R`@VbAJ`APbAx@jDv@fCJVj@x@l@hAf@n@v@~Al@~@\\XPRHt@P`@N`An@h@T`@j@^Pd@VfAZj@X^JZPVFLJd@Nz@j@XN|@VLJFPDBh@Dj@Jv@`@h@Rd@X^X?T_AvB,"[('root', [49.408507, 2.817352])]","[('root', [49.408612, 2.817516])]",,2025-06-08
14664772838,a14664772838,q`qlHwmePTe@n@aB@OEGeBw@wBiAi@KKOa@K}CqAoBcAuIoDGEAMECa@E_@KqAwAmCkEQg@o@}@mAiCe@mBg@}AMw@WcAo@_BIQQQGW_@aACUGEGAM_Ag@oBi@uA_AcBsCaGCo@FeAJk@ReBXuBCOQYCMHgA`A{GNq@DiAb@eCJeATcAJgA^sBf@}DAHNo@Hw@Ow@E]Mg@g@iAW[y@w@o@UYEOM]OSDWLa@^m@`AMZYlAIrAi@pAOt@ABQAEHCt@U`Au@~D_@rCGv@_@|C}@~Ee@xC?PXZN`@b@Xn@RVTZN\Hj@Xb@HJFV\VL\JZDP@FCDGLeAJ[PkAPa@LCJ@BJATKn@e@pDA\K`@Cf@Jh@H\r@`B|@~AnApCXf@FRXn@Nn@?\D@Hr@LRD\`@t@J^d@z@Rd@`ArDZ|Ab@nBlApCpAfBtAvBNNLPRPHTVd@`AZDDFPHH^FfAj@^JL@r@`@TBf@ZxBbAp@b@JBZPx@T|@d@NDPJf@PVNHZF@LERDX@bAj@j@TVDPHZVGf@A^CL,"[('root', [49.408572, 2.817173])]","[('root', [49.408055, 2.818824])]",,2025-06-01
14614362329,a14614362329,_bqlH{lePx@aBNc@\o@BGEQWAMK_A]i@Ym@Ua@SMAm@a@g@M[Qs@S}Au@W[g@Qu@Kg@_@dAd@lAp@x@V^Nl@\`Bj@PNJ^FCLOD?JDPLZN`@HZTbBp@DF?HCJy@rAYx@Wf@,"[('root', [49.408626, 2.817233])]","[('root', [49.408617, 2.817247])]",,2025-05-27
14291267744,a14291267744,m}plHmrePzBbA|Aj@vAj@r@VTLZJRBh@ThB|@FHJb@R`@DzA?`DHlG?bCH`HAbCDdDGNIFI?EDI^RfAALe@x@KX}@bBw@bAa@n@IHI@ITOPu@rAqAdBq@h@i@r@eAl@Q?MMK[GGEDAVEJQDa@AKNQLw@@UHi@AQGOI[CUa@c@M]Qe@i@YQY_@GC[HIFc@|@IHQ@ME[@m@c@i@q@i@[_BUU?WC[OWUSIE@OLIAEEK_@a@{@a@uBMWSs@SgACWK_@@?YiA[iBUu@g@qCq@eCe@mAsBuE[g@aCeFm@oBa@cACOQc@q@aBcBeDcAgCO]q@u@aAwDw@uBWaAWi@Yy@QY_@eAgAkBi@oAMOQc@KKEWAST_@BKK]TBBOGQCWk@OYm@W}@?CJK@KCKOWo@sBaEeLcAcCoCkH[m@Oi@Ue@I_@e@mAU_AWaCAs@HiBx@oGhA_GDo@AYF]Vs@Jk@J_@Bq@Fq@ZyALmA`@yBEi@@a@f@mDBi@KaCMmAGqBWuDDMNEHO?MIi@?[JOJ]n@uAB]LQbCqBZOf@_@^Qt@i@VOZGfBiAhBeARWTO\M`C_Bf@Ut@g@NQRCb@U`@[lBeAh@c@bA_@v@a@lA}@`@QdCaBt@]p@m@lAu@`Bw@`CeBt@_@`@YLEjAJNAd@KRHjAbAhArAvAjAPR\l@PPXZ^Pp@t@^V\l@ZPvAnBj@d@jAjAh@v@tAnAf@p@`@rA\n@BNGpA?`BCVENEnCEn@KfE?x@KjC?ZKfA@r@BPDP@JEj@ChAIp@EjCBd@DNX\^l@LLNHL@HEHUH?FFJRLJBFBNAl@K`@?N|@vBrBnGD\ZdAD^LXB^H^f@pAPr@HRLj@Xf@b@zANXVr@X|@Hv@^jAJZ@KLN@JPXRt@^hANv@^n@h@`Bp@rC`C`HNj@Xr@FzBBPJ\Bb@LrI\jK?t@XfJ?l@L`EF`A?LD\@r@DVJzDB|BAbAELe@bA_@l@GDOCYQg@c@ICc@A{@QSQc@c@EAQWYGWKWUYM]W_@Mi@Y[K[AQEUQk@KoAg@{@c@G?ILQPQBKAIYMUCQ@KGMq@QiB}@a@K][SKk@Q}@]a@YW?KGYYu@]o@GUOQOKCCB,"[('root', [49.408553, 2.81718])]","[('root', [49.408084, 2.818743])]",,2025-04-26
14177275584,a14177275584,guasHmkyRIQEYWWMCKLGXQRYl@MP_AhCQTWh@Qb@G\_AvBWf@Sj@QNu@hDIn@Ax@Gb@A|@l@bEfAzEb@vAJJF@FWBCRAJBz@eADAHDJXPZVv@b@dBTh@jAnEJXHJNb@`@n@HHJDlAjBNTXV^j@b@f@DB\?d@Ol@{@r@g@VCVKRCh@WFB\nBTz@L^`@x@^~@T^`@v@\`@^ZJLTh@RZP\BDLBf@dADBPAv@eAXS|@}@VS\aANU^}@VaAZi@XaAPa@\uA`@cADSt@kBb@qARg@HOPOHQ\cALi@N[To@ZiAAc@Iw@?UQWAI?w@Sk@@[FEV?REpAa@b@GRKx@GJIHm@v@aCd@gAR[J[DS@YC_@Bk@?aA@INWVARDlAx@ZJPCLUDSH_APeAD}@ZmALaAVwAJ[Jq@j@kBLw@Lg@LyA\yAD{@J]B_@Ry@Hs@Je@@QCGKKa@UQQgA{@GAWWe@QYS[_@WOi@e@_@SOSQMi@GKIa@OQOi@KM@UEMFU@]Ce@@YGOQS]K]KO_@WMASKqAgAe@qBw@cCS{@_@oAe@{AMYs@gC{@cCUe@g@u@M]EEc@OGAKBCH?LBd@H`@Db@An@Dt@C~BBl@MvA?VG\QzBKz@Eh@Kl@IbBSv@SpAOpAQv@Mx@q@pEGr@]pB_@`BGLE?ECMYgAwAiAsBY]Q[[e@[o@]i@EWDm@GiAAeBIgAOy@IuAMm@?s@Ee@CGOCc@PUPMB,"[('root', [50.476413, 3.247634])]","[('root', [50.474391, 3.254756])]",,2025-04-14
13895696545,a13895696545,q|asHw_yRLH\ZfAt@FHl@Zp@n@JNBFAJu@jAGPAL@ZTlBDxBPh@`@dA@HAVCFODOb@IJ{@x@SV?EEFm@~@r@pCN~@`@`BzAbFj@`AJRf@j@x@hAxAfBR\LH\BLAt@w@RYNKRERQFAHBHANMLMLK\OFBBFDv@Vt@Lz@Pt@Zt@l@`AVTPn@FHF?HFTRNR^zALNHBRLHZRPXRLZpAtBD@PGH?FDDHRTFATa@LKPEH?fAJhATR@DGFWZu@p@mAD[?]O_AEKAe@@_@Ls@X{@F_@P_@T}@\w@`@kAf@u@JURYRi@?GAABSP_@H[PsABi@CuAU_BW}BCGQMGIAUA_@JQHCH?NPLFl@Nh@b@XLt@~@\h@n@nAv@lBRl@`@d@xB`Fv@xAp@~@|@bAr@j@RDF?FCJQBKT{AfA}FPmAJ_@DFC@?IHk@pAuHFm@JW?[Lo@AUtAqJHaAJi@|@iIJg@JoAf@wDBi@XyBN_BVgBHcAC[IWg@_@MQA?ABHXAA?BMKIIAMMW_@[OKUE_@_@kAm@o@c@u@_@YSOEuCmB_Aa@_@_@kBeAO_@ECy@_@WU@EPATD\Pt@Hn@C\GDGBKImB@OAi@DeA`@eDVeBDs@ZyADi@Ic@KOA?SZ[?m@]m@a@_Ag@WKCECKBw@ZkDCSGASDYJYBOC[DMASDo@t@_@v@c@d@QVEr@OhAYvA]rBABGCGHGb@KRAZUjAcAnEGd@Q^i@lBIh@]|@Kb@_@t@IVUf@KJOn@Mr@SRQZa@nA_AtBEHWNmB|Bg@pAUb@GDGAYYMUYS[UQEe@UG@EDIXS^c@d@m@^IWKSWKe@a@_@Um@g@c@Mc@Aq@H_@BaAHc@@g@HuAH,"[('root', [50.477469, 3.247325])]","[('root', [50.474869, 3.248848])]",,2025-03-16
13807075557,a13807075557,kbqlHwfePA?ta@kzAo@{AOg@S}@_@y@EWO_@Ii@Us@_@w@yA}EQc@MSe@eBE]a@eAW}@y@oBWKK?CDIZQdCc@`E}@dKY|BOzCEf@EjAJr@AFWNEHCROrCUdCY|ACl@QvACr@SjBIZInAQfBATF^?PAFQTMz@?`@Ij@A`@IZE~@MbAAp@G^O|A]|CE`AM\@VAHMRH~@i@T[dAu@lBm@bCIj@BL`@XTXt@`@TX`@N\HFD@PM`@Q`A,"[('root', [49.408545, 2.817249])]","[('root', [49.408594, 2.817561])]",,2025-03-06
13702682546,a13702682546,c}plHgrePPJTJ^Bj@Zh@Pz@d@fA^dHbDBBBHD`@RZDBJAHIFSH?b@\|@f@B@PEJ@t@PxBbAPVXRdA`@d@Xv@TnAt@l@T`@Vp@XLBRENFH?nAkBFa@?q@Es@KmES}DIsCIeBQ{BIkGUsFCkAEy@CoBOuCBoAQcEAaAGk@[w@c@qA[_BY{@YgAIk@_@s@c@iA[eA_@iAc@cBSo@[q@iCcHw@sCS_@Uu@Qw@Ys@a@wAq@aBQu@yBcHc@cAWYSEKFCFYnCsA|Oa@hDC~@a@nDc@jFs@`HKdB_@fCK`BEnAM~AAXMv@OhAY|DUnBIlBKv@AZWbCG|@Fd@CNQHCDqArDyArEMf@BRVTRd@z@\`@Fv@XZDBF,"[('root', [49.408581, 2.817299])]","[('root', [49.408273, 2.818546])]",,2025-02-23
13687666065,a13687666065,kvplH_oePNLZJzCrAL@\CF@XRh@ZJ@TCV?HCHIP@FLB^FNJLb@Ld@^b@Jr@d@ZLVH|@d@NBJN`@RN@XLPNZHDJXVRBXLJ^DDh@LXL^VRNPJXFb@NV^rAqAZa@FQDa@AsADcAYqFCqAGsA?iAKyBAwAUeFCoAKqBSyGY{FCkDIyA?i@My@Uc@Qc@U}@s@oB[wAUk@Oi@g@}@Ow@eAaDQu@}CgJ]u@w@uCiBiFQu@w@oCMQSm@Wo@KOS_Ao@eBMW_@k@i@GYWQGGIMEI?WNmEtD_@TQKQGaEi@KIIA[MSEw@GOGi@CmASgAQYKaBUc@OQAk@Oo@a@WSGCODQ?KDa@`@yAjB[Z_AlAQZSTMZU`@}@hAGNgA~AY\o@`AKJSJiArAgI`LGDUASHOAIFk@v@GJGVOXQn@Ah@S^ALBJLPpAtCPz@n@fAt@~Aj@zAJ^LXLlADFD?@Pf@pAn@xA^hAlArF`AnCf@dA`@b@\p@bCnDh@|@PRf@\r@TLTDBf@Nx@`@nDtA~@d@r@XXPj@XvB~@bA^NHDH?HFHF?NKD?l@ZhAf@LBZVl@NhAf@~@\d@Z,"[('root', [49.408557, 2.81724])]","[('root', [49.407205, 2.818818])]",,2025-02-21
13315349949,a13315349949,ocrlHwzePOSD]@ILGDIN{@HORHF?ZKNK\g@PSRGR[PKXEBEPELJBLRVDRLDPNv@NTPNDPLt@XFAL@\LDDXL`@`@p@ZLJT?NDXRHH`Br@PBNFRP@ZJ@DCFIJ?\PJBVJVPj@PNHdA^DB@H?POTSn@Wd@KJi@dA]dACXBD\d@@NC\a@LB?AABCRc@?KCKOY?a@bAkCn@uAZc@BGKKQIOCk@Y{@q@e@QGAMIg@KSMYKQM]G_Bm@EEEACISQ[Q]Mo@e@a@MKKKCUQOCc@Sg@IOMSIOEM?eAm@_@Gm@@MDKLC@YCODONKTa@Z,"[('root', [49.413841, 2.820448])]","[('root', [49.413428, 2.821246])]",,2025-01-10
13040708503,a13040708503,ibqlHokePFAb@TBHLBHR@LD@HPFVLHJ^FDNXH?FCFMFWXc@JUVYt@wAVYNa@LQBKAIIK[OQO[M[Ic@QWC]IOXYRYf@Qd@MJU`@Q`@?PFJTPZNTp@Xb@Pd@PVF?JUFUZa@r@wAtA_CBICI[M_@W[COE[Ue@QIGMAS\QBCDcBnDMH,"[('root', [49.408528, 2.817182])]","[('root', [49.408546, 2.817993])]",,2024-12-03
13031129431,a13031129431,caqlH_mePFIZk@f@oAZSPSFFD?JCH@h@j@NJL?@JDBGKJBJHL@~@ZCs@BGDk@FSBUAUBCNi@Du@^kCFaADILg@LYj@_FJUMSOaASYm@uDQy@E]a@{Bc@iAQWaAyBYc@GCMH?JK^Gd@cB|RGr@HPMNG@EJGXYt@W`Ay@dCSz@i@bB@JLRH\DB^JFDNDVRbAVh@\APKPEPu@rAKX,"[('root', [49.408548, 2.817139])]","[('root', [49.408723, 2.816349])]",,2024-12-02
13023263796,a13023263796,aeqlHaxePF{@tAgFlAuCYZQt@HYW?iCxJh@z@vAj@hB`AwCjGb@`B@Qc@eA|@qAP}@jA_Ck@u@qDaBDiBvB_H\{BTY^qFr@_GDaBb@sCNwDn@kEZyFTu@LoDf@{ACu@ZCEs@T_BJcEl@sD?mAb@uDx@aLl@Jf@w@PArFz@`BfAfBb@dYbD`LwBhSsBbSsAdJqAnM{@`Ce@jCWdJ_@pPwB|BLhDShYiClFq@\w@fCaZx@aGOa@Y\`@R@g@zDkCdEsDxAe@zMcKrAuEhKwZ~DcLlAsEtDqVyA{OoCu[tDm[nG{MdHgMj@aCxCqF|@gAbBwDxAwBrKmT^sBhCiXxAyRn@gEX{F`@yC~BiHbDeH`EiK~DuIrC{Ht@q@z@QbGj@AQgIsDCWYYqCwJUsAeBmF}@kBmLy_@uEaNo@mCiA{By@}Ci@aA_@sBiCaHw@wCSmADYGFDZOMx@{OI}ARuKJeAl@oUBgEX_FN}Kv@uYsB{\{@{J?sAk@mFMsEm@gLW}CKHFMg@uAaAuDu@wDSOeAyD\j@|Ba@RWc@gDMoFi@yIy@mIAiAiAyNlB_GlAs@Xi@^iDCsBtAeEnDiFbFcFjA{Bh@cBzBaE~BsC~ByDpCoBv@uBKiAxEjDzEvGt@aK^sB\UnDRtBq@Nu@XIZw@tAy@h@w@fE`@BMq@g@F]i@i@A_@IF`@WAm@Ml@DfA[B\FXnAmDq@_@~@gCvAFsAIm@JfBKr@e@XG]DHsIdG?z@]vFY|@]{@gAsByAgBWo@iCaBm@EuA~AeBhA_EvGkBvByErJeBjBgFjHoClGSvDoBcAc@d@qAdCeHfRkDtJkE`NkDtIqK`[}Xbw@sEpLiCfFkBrCiCvC{BfBuH`Eo_@dLmEbASQAl@eADgJlDgHfBaEnA}HtCoB|Ck@lCElC@rCXtAJfCGfCPtDAtBHXId@y@bAgF~BoAzCiAfDeBbHmEbNa@t@q@rCqGzSiGnQg@vBBlA]tBVzM^vL^dF\dKX~C\tIx@jCMvBH|@~@fFNvBXxATb@n@`Fh@vBf@nFrAtGPzD]~AwAxDw@zCkBlEsCpHiFbOaC`IwExLcHjSqGlQwIbg@uHd`@aEdWoEbVi@jHQ|LSjBBpCMtBD~AUfDD~AUvAQhFThB]jCU`LY~Cm@fTF~@hAxBa@nA?f@l@RBh@a@hD}@pOc@fBa@pEc@hHy@lG]dHw@xFg@zI_AvJkAlGkBzF,"[('root', [49.408593, 2.817279])]","[('root', [49.408602, 2.817584])]",,2024-12-01
12907830798,a12907830798,uaqlHujePDFH\Xl@d@j@Vr@EXA^a@l@u@~Aa@p@QRi@hAOI_@o@YUACIGINE?QKGOU_@Y[i@{@QQQ[EOs@q@QUUOI?EFYt@CBSACLc@\W`@a@^_@l@o@r@W`@QRCFk@p@G@EAKSQWUII@Fs@AE{@eBOq@Sk@QSAI@UCWECQLSRM@AIHKF@B@DRGr@KX]J]EKICMAi@Fm@CKBSGI@QEK?YEMCSo@eAAIGGGQMOICOMQgAQk@_AcA]BMFOI[A]dA[l@?LHLX?@@A@AFE?EHG?KZU`@ELSXUOQS_BSg@MCK]k@MKk@{@YYG?W[Wk@{@{AQi@Sa@CSk@oBQyACaAGo@IMQOUe@SWSc@KGIO?GG[CCYgAYo@@IJMAICGAUECMWAKSe@CMO]UYMUAIQQEMGYQYGQWgAUg@G_@QQe@w@KSI[Kq@{@yBGS@ICCC?IMSg@iDiJOWK]KMI_@?IDIZ_@NMNWTSNWn@g@T[VUJQTUl@y@Vk@HED?b@d@RFJDR@t@TXXh@`AVj@DDJTDR\t@RTNXBJVh@BTHFBN@ABBFG@FEd@T^XUDKb@_@p@eAl@q@jBiCFBL^?FDF\Ch@QF@TRh@PVPLBFH\Nf@ZLBn@h@DBV?HAx@w@fAuAFEDIh@m@|@kAHGLR?HLRLf@\ZJPNb@?TJ\PPLV?Tq@z@SJSZKJUZIFSZYRKXSXS^Ih@EPc@b@INc@DIDKL]TMN]JKJQHQNANRb@d@pA\t@n@nBTlAl@jCDd@Pv@d@t@TXHVLV^bAD?Pb@Z^lArBFDJPFFHPPRRb@f@f@d@Rh@FNNJDPLFADED@NLBJBEHFD?f@V`@LTNdA\tAr@l@^r@X\FZXZNH@LJTJl@JZZBPFBF?VGF@rB|@^JLHd@PVBDFCRy@~AM`@Yd@Qf@,"[('root', [49.408501, 2.817393])]","[('root', [49.408648, 2.817531])]",,2024-11-15
12866115088,a12866115088,k~plH{qePPENc@F?RLDCJANHLNJFBDPN~@h@j@TFFNBRJv@\n@Z`@NPBr@\JHXHPNTLJBL?DBL^LTRPJGDIH?ZFFFNBJLz@d@LDPJdBv@b@JpAr@\Vh@Tl@^lAd@r@b@PHLLh@LTLPFJHJGX?d@i@n@aABOB]Ec@SiAGu@@}@GwBQiFIiAHqBBqAQeFAmBE_ACa@Ia@Am@G}@@_BGeAGyDOiEGc@?y@IgAGSKo@[eAKg@o@eCY{@c@aAoAgDCSm@gB]y@GUQ_@wBqHM[_@o@Gc@[iA_@eAMOYs@sAcE[mAa@mAOWUm@a@}Ag@kASw@GOMKSCIBGAc@SUJSPAFi@Z}CfCm@b@oC`Cc@Z_@RgA`AmA~@}AvAs@r@o@t@U\wAbBW\EJKFMT[\UDUREHURMVKF]d@e@h@c@^a@p@iBlBGLWTmArAEBg@h@ID_@f@[Zi@n@GTYVm@p@eB~BE@]`@UN]^]TGLYRENIDILB`@HLb@nAFXn@`Bp@jCPx@Fb@DNFv@GVDRv@lAHRNf@j@jAl@r@j@f@Xj@Xr@h@z@v@t@XLNVHDh@FPD`@Rn@Nl@Xh@NZRVDXNPDPJb@L^TXJh@^x@Zl@b@^FbA\Vl@B@XMD?XLj@NNPTHj@Zv@XHJ?X,"[('root', [49.408618, 2.817362])]","[('root', [49.408481, 2.818215])]",,2024-11-10
12852380858,a12852380858,y}plH}qePNQHAJPZNFHLDZ?`@LNLJRDB^@f@Jr@Tf@XTXb@NP@dAh@b@HJJJBLHt@\J@Jg@FALNLn@HJl@NLLv@^^N\Rh@RlCpA|@ZbAp@XDXPRF^VFLDXFLV@NLb@LLHHJ`@~@HNd@hAp@rARl@NRTn@v@pA`CzEPT`@`An@fAFR@HENQ\Uf@]j@_@d@i@jAgAhBCFk@bAe@|@e@l@wBxDEBIOMKEDCPEJOGEDm@xAOPMX_AjCOTG\cBhCQ`@g@x@IXUXQ`@]h@_@x@Qd@CDOAG@Kl@INE?ECa@y@aAyAg@}@c@m@QQw@mAaAoASK]]OYiDwEc@u@o@u@MDMRIF[HWTIJGBSCQIOMGYEGC?KNETIJyA@_ABoAAWCUGa@SsAw@OWSQKCOKOAEBGFQp@OZYJWMO?ECGOg@g@EUKMWMEGOCOBw@@aAS[C]OYIM?OEIMMo@Uk@Ow@Ee@KYOQi@mBIu@SgAMc@K_AG_@Oa@Kk@SkBAYJc@@YNe@L_AJ[^w@HK`@u@NSNYFQNYPk@Vk@x@}AF[d@]d@u@rAyAnAmBrAaBFQ?IM[USM?ICYk@AUEGGCCOQQESEEKYIMI[Q[_@iAWg@A]G]_@}@e@{AqAcDAK@Gf@qAFGVPNDD?NJxAp@l@Pv@\l@\PFvAx@h@Pt@b@ZHDDVLz@XLFL\FBHAFOF@VPRFl@\dBr@^R,"[('root', [49.408554, 2.817321])]","[('root', [49.408568, 2.817267])]",,2024-11-08
12811690972,a12811690972,g|plHageP`@k@RSN]h@}@Ri@b@s@JGvB|@bGnCJL@l@HV@n@Cd@B`EAr@DrCAtABlB@lF?TDF@T?~CD|ACLWPGTJjAmAvCc@t@g@j@ELWZQb@SFa@p@mA|Ak@l@KFQ^SRS\c@TMBgAd@Ue@GBEXKLc@HeC@yAK}@UYWYK{@mAg@KOFYZ]|@MFa@K_@Yg@u@SO[AsCw@UDc@Qe@HGAIKSw@Yi@Gq@IYE][c@Ma@E]ScAGg@S{@_@iCSo@WoBOq@MWG_@U{@m@aBeAoBYo@}AmCIYa@_Ak@cAUg@UiAIMQMKW}@eCi@oAWc@uAsD]g@Oi@g@}@y@}CgAaDYeBGEOBKEe@eAUq@g@_AMGe@o@e@kA]oAFm@Ms@q@qA?SKa@y@eC_@w@m@uAMk@w@kB_@kAG_@MWI]{AyDSu@DYFM?IOW]}@g@aBm@yAAM`@UXYvBcCt@gAXSPYn@s@z@b@`Bh@HHd@nAb@z@DVd@dALj@l@tAJLZ[N?TKV[FSLUjAiAN?ZTJCR]HUXYj@iAfAwELUD[Pc@Pu@LWh@[\KJK\KjAm@PKr@u@x@q@DAh@}@XUf@s@jAuATKz@mA`AcAVe@nBcCTa@d@m@`AaAR[Xe@HWAWIa@E{@BuAXgARe@`@Ur@Q`AJTTJ@pAaARc@f@c@^e@j@k@`AeBt@m@L_@b@k@j@aATOHORQ~@}AxBcCRk@\WR]d@i@Tg@vAkBLWd@M^AHn@IX@tAEf@J~DEf@@^A`@Gz@@h@GbBCjBMpB?h@If@CVAfBI|@@zBBd@HNt@t@@\BLP@\Ib@XVFHh@ERMTAPPv@ZdAEl@h@`Cj@jA^fA`@`ATz@D^FZnDzJjA|Dp@hBRb@nAzDPt@^x@FZ`@pAD\\n@Nh@Vn@dBtFBXRrFBlBFv@AVFl@HbDHtA?l@JzB?|@JbDFn@?|@Dn@J|D@z@EXD^FrAB|CFb@TxDGjAEVu@~@Wf@MHiAa@YQWGWUa@Oa@YuDiB[GgBy@aASg@i@_@Km@a@u@SIL?JEHMFEAYm@Ii@EEy@a@wAg@s@e@s@Qc@WYGm@a@WEw@dAsA~B,"[('root', [49.408618, 2.817263])]","[('root', [49.407412, 2.817598])]",,2024-11-03
12780365289,a12780365289,{vasHenyRK?g@vAcAfBIj@o@jAa@tAqAbBaAnDi@lCO`DDp@z@jFf@fCb@tAk@pBeC`EAVORKn@e@nA]vBUn@eDxFQJm@Qw@s@Uc@{@a@m@VsAfCi@Pa@K{@}@aBeA}EeAsBD_HSeANyCeAoDq@_@NyAjC[Jo@QuBaCoB{Ak@IiC~@w@?gFeEo@}@k@}A{AuAU]Qu@XqEHeCEm@aEeEeAq@w@y@iA_FoA_D]mA}@}DeAuD_@{@_AmAcC_BS?[e@MIQRq@pCaAnCBFSDQr@w@pBc@v@cBfGQxADd@vArBNl@\\nApB|@~@fBhAPzA`@xFA\Nd@?nDP|DEj@s@tAA\L`A|@jDtAjD`@bBxA`Er@vCD\MrB@v@^n@t@z@n@l@vEfCx@DX{@|AeLZoD^kCbA}Bh@kCVs@~AoCx@aANa@Ge@Q_@{CsC}@sBuAkAWi@Ii@XcBPgDB}@GeAoDmDyC{Bq@yBQ_AuAkEw@qDi@oAcBuFuA}AqBqAq@s@UGKh@_@z@Mx@{DvK{AnFMv@A~@DR`@\tAtCv@`Ah@bAf@j@pAx@b@x@fAzLDtFAlBo@`AG`@nArF`BxEVbAhArC\dB\t@JbAIbB@t@Pp@nBrB~@d@fAv@fC|@F?Ni@rA}Ll@mE^uB~@kCx@kDvAiCbAcA\k@VCj@Zl@BjBo@pAEzAz@zCvCr@\PETUx@sBb@]b@EpC|@xBfAx@@~@QdDDzBRnBGpEbAzAjAlBbAj@YfAeCVQVDbBjAn@v@v@C\Yr@kAj@yAnAeBb@}ATwA`@qAdC_FPM`@h@JKL]?oAdAu@T]\Ul@lCZt@Jx@d@vAPpAX|@l@rAnBpCrAxAz@n@X@tCuB~Ao@d@fBZhBz@dBx@`ALl@z@jA|@n@bA|ATJrCmC|AyCpAcFl@iAH_@dA}BbC{G~@mBJeAMwAO]@u@QyAvF}Ax@mCJs@t@uALq@@cDI_@g@c@g@SQo@@kCm@{EWeE?uBKyAOw@Fk@r@aBPmC\UL_@E_BBuBI[_CK_AJe@pASV_@LU\wBrFy@|Aq@jBwBbCuAxB}CsAWPQh@kAx@YWK_@e@Si@g@cCu@w@XsBViIb@]d@m@nAOFOMw@sA,"[('root', [50.47698313370347, 3.247609455138445])]","[('root', [50.4777567833662, 3.2469601929187775])]",,2024-10-30
12754825949,a12754825949,_}asHmayRH@FFAZBDHFFEH?FFLVHFZJLLBARb@JJF?t@^NPHR@RILQb@?DG?Op@G`@EFAF?JLPF`@CBHn@Bp@Eb@Dt@BTRZNHPf@Yb@QJGFC?GJGBEF?XIVC?GFSNg@h@MTAJ~@dEpBtHPb@R^`@`@d@l@JT^d@LVj@p@BB?Jj@f@PVXDPCFE@E\@HQ?CDKRWPD@ILEh@a@XMP?JIJKFOL@JNFT?`@BV^z@Nb@Jr@JNF^\XLR`@hAFHNXHHNBDDnAnBJVLd@DFHHLDFDLBLJHRr@dAJJHNZXNDFCTWNKPGh@F`@?ZLhAXL?FAHOACABGFQFGACBF?JG@OGGG@@BAHEA?CFOJEb@o@JQHYNWBe@?s@Ec@AYNwANg@Hk@hA}D^i@HSPW\u@RSl@cBToAJwA?aAQmAKWCOQsBEO[o@CIHWAACA?DH?F@JLAU@I@@DJNJb@JJFFJTJ|@v@Z`@JXNNLd@D@f@l@h@bAX|@j@rAfBpDnAtBdAxAb@^PR^TRHL?FCHQACC?JABE@k@Fo@b@{BJcARy@b@yCTy@ZwBHY`@{Bt@cG?TCBEXAA@GDABBABFE?HAg@FgAX{BHeAH[Fe@B]d@oDF{@Jk@Fs@Jc@@YJi@`@kEd@qDAk@Pi@R{AL}AAYIWWSGCEGMGSSw@c@QQQYe@_@MUm@KGCGISKSGW_@UQGDMMa@M]S_@q@c@e@qAu@MKE?EGOCYOQCOGQM]_@UIII}@[GG?ILGRDR@DBBCG@EDHLDKFEJHLATHZF`@QBI?_@Lm@AUBE@KAqA@i@Hk@DQ?_@D_@XwAFm@Lk@B]Lk@Dk@Ec@EMMMGAYJOAu@_@e@QaAo@MCKMGOLqBR{AAQCIGEIAi@HZ?@COQE?DFIBCCDNGG?@E??BJBOGI?GAOBCAe@?KDw@z@]d@Yf@IDOv@]jCAVYvAGPIFIVGd@GTUjAi@tB[bB_@tAANMh@IN@RMZG\Q\@FEREHGDK\E?GHAPMTEZGHk@xAUt@MRENIJGTOVKp@KXMf@UXOFKPOJY\QLi@r@KT]h@Q^[hAEBUYOMUa@i@KM?OIMQGAKIE@EHSl@WNGLIBIHKPMFU]MIa@Mm@i@[QWUMCIIYMQ@E@IAk@BUDa@Ei@AgAP[AK@IHMCg@DEDCF,"[('root', [50.47742125578225, 3.247371995821595])]","[('root', [50.4749595746398, 3.248821897432208])]",,2024-10-27
12743131169,a12743131169,quasH{lyRGESc@MOQf@Yf@w@xBY`@Uj@ON_@tBDLHHBHC]Q@Yd@q@zAYd@w@hCQ~@KTMr@Ap@Mj@CT@\PlA~@fFn@xCZr@HBZ[BAFKTI^c@NKN?HXDD@JHLj@~Bl@nBLTnApEb@r@XZ\f@h@j@\j@v@hAPZHFBHHJ\DJET[PId@i@PK^_@PIh@Gf@_@PDz@hBL`@P\H^HJJ^Vf@RT@PRZn@p@Rd@`@f@Zf@Tl@RTNVHHH?NJHCd@Sd@]NOj@]Zo@JMpAwCp@qBFYrAmDbAeCZoAb@cA`@u@l@wAz@aCBSASM}@As@w@{AAUB[LSz@Iv@WTKtA[PKJQh@}ATe@ZgAXq@Ne@@Y?aAA_ACSWe@[]QGMBOEYUCGAKFqAAi@KoASaACYG}AOyCAyAGcAA}@Gs@?g@N]d@m@F]Eg@J}ADKTGDEL_@@KEu@?iDAOEKOG[JM@iAIg@DGEG?IFo@zAQXSd@m@n@Yp@OPSp@Wb@CXKf@CFONQXKXG\UXk@nAMJy@dAOLSDIFITKl@WVOPCJE@]KUMg@Qe@Ym@KIKS_@I[i@iACG?[ZaBJeAj@mCP}AJc@L_ACISM_@_@c@YmA{As@o@MSKCKH_@~@GTOJK?MGk@iACa@@a@As@FMJCF@`@ELIN_@Pu@?]Eo@I_@KGM@o@LwBHYJ{@H[Ja@Ri@NKHGLYfASdBEx@ObAW~@YfCe@vC}@vCs@pCUp@K^{@|BSTER,"[('root', [50.477302, 3.247426])]","[('root', [50.476833, 3.248523])]",,2024-10-25
12728653291,a12728653291,kaqlHilePJMLS@Ip@eAVi@Z]DAFHJFN@dBt@ZHJJ@JGV[^M^S\Sh@S`@uAhCoAtBsA`C{@pAo@u@IOaBuB_B}Bw@}@KUBUv@mA@ITc@t@wBDEr@gBl@kAXw@Vk@x@uCPe@NYhAwDF_@JYDEF?D@PPDB\?p@J^@JATM^I\ATGl@GNG^@JGNCFBHV@HQ~A?b@ENMhBOd@Oz@EvASzAEj@EVGLOhAGT]d@CJi@z@gA|BYj@GPIH,"[('root', [49.40860823728144, 2.8172821272164583])]","[('root', [49.40769377164543, 2.817125888541341])]",,2024-10-23
12710365309,a12710365309,c`qlHyhePLDDHp@hALAN[`@c@f@[BKf@}@La@LOJ_@NOLEN@FBDCPLPKRADHtAd@XNFBF?^RBD\J`@TNAZDPAP@HG@_DEQ@IGw@JwAEi@@c@I_ADuAAMEE@SAa@Dm@JUDs@AWB[Ii@@s@HYFg@A[LS|@i@^Yh@WLALGj@?DE`@IZWD@DCPELB|@QrAMNILCF@b@Sl@MVKl@GPIPAL@bAE@CIq@C}@CS@k@SiIMcAISYSMq@m@qA]qAeAmCWeAQSs@qCMWEQ[y@y@gBq@gAIUSaAUq@EEYEKIAGEUGiA[cAMo@y@eC{@_D[}@?GUg@YaAKc@EMGCAIM_@GaAE]IQGYMWKe@ASH_@AaAAGKGGOAa@@UAAG@Qh@MNK?y@aAU_@G_@@mCFi@BkDHiBA}@DkCDQAUDoA?y@JwB?g@B_@Em@Fg@?e@Aw@@e@CQGYc@Ws@\K?IBKJs@~@PKEJk@h@a@d@[b@Q`@YVMVeAtAOPaB~Bk@r@MTKHKVKH_@n@UTi@|@WVIRKH[l@WZOX[Zs@hAu@|@w@lAeApA[h@SPKRYXGJA~@]h@QJ_@j@_@`@_@p@wBnCMTUTQZQNc@n@}AjBs@bAUb@e@v@STU`@UT_@l@]b@SPa@j@Yd@{@hAKV[^QZUTaAhACXBPFFL@FRa@f@QNi@Xa@NODMLGNEP?FNHJHb@XJLf@~@`@j@L`@LXX^Nr@\|@ThALnABFJA@LEB@NHZT\Jb@ZxACXJTBNFHBHB\V~@T|ABFTZBH?NDN?NXhB@ZFPHJFTFZFDBJJFHHNT@HJHR`@LLLV^Zr@lAv@jA`@r@`Av@LFRFLALBLHF?XLLB\Rd@Df@b@j@XF@b@VNDX@\LNRNBRJ\TPRPFLHPDNN`@FXRNDf@TN?VLJHLTJHD?DIDANDDC^ZZFVR\LJFTF^P@HEDE^]|AWp@ALMV,"[('root', [49.408552162349224, 2.8171148244291544])]","[('root', [49.40866473130882, 2.817891826853156])]",,2024-10-21
12698985979,a12698985979,}`qlHijePd@l@LTDDBJj@z@NCPc@n@}@^w@Xg@DGLCDEl@cADGJ?NNF@LRH@L@XOJAVZXRb@LP@RLPFnAf@F@ZEF@R@HC@IRDBABBFZJVTDDCXLRF~@v@VD`Al@h@Vp@r@d@Np@X`AZf@\\Lh@\DDJ^JHv@Xl@^TJLBFC\HJMFYt@kADQDgAAaAMa@CeAEa@?YMgAAe@Iq@?_@G{AC_@?i@G{@Aw@Ko@?WEc@@[EeA@y@CYE_EI_FAM?cAIgAIwFG[K_C@c@GqAIi@YqAUg@W}@ScAOe@c@kA[e@Og@KQKi@M]O[Og@Yk@Ok@OYCUM]Su@aAyCEESk@IO{@cCEk@Sc@_@mAs@gB_@oAGi@[cA]aBU_@EUSe@W]e@kBaAwCEISIYCG@Gf@s@`IGHA`AGhAKjACHCXEX?h@GVEf@SdAGr@Av@Q~A,"[('root', [49.408563394099474, 2.8171830531209707])]","[('root', [49.40650739707053, 2.8323235362768173])]",,2024-10-20
12608690520,a12608690520,kaqlHejePPVXl@PVDNXZLVBZCJYZw@nAi@nAa@f@]t@IVKJIAOWSS_@g@GQg@m@_@m@WWWe@u@_AIOoA}A[e@e@y@KMQ_@s@gASq@oAkCCWSi@g@e@EI[{@S_@K]O{@_@aAHWVc@Rc@RMV]`AB\EJIHAZ@ZHb@Ef@?d@I\@`@EXNT@RCb@A~BSjAQ`@KbAKL@LED@LJPADG`@CXB^CDBX?~@DXEP?jAIf@K|@EBPMhAA^Gj@@JK\Ez@ETUpB?TKdBc@hDMj@Sf@aA~AeArB[t@SXOBOIeAqB,"[('root', [49.408532716333866, 2.817482454702258])]","[('root', [49.40822375938296, 2.8176066745072603])]",,2024-10-08
12574557467,a12574557467,kcqlHciePBs@h@GzBhEkA`CuBdFjErF~@bCeFjH_@pA?`@jBpE@Vu@nAa@T_@cAoA{ADp@bAz@lEvJPfADpBi@TsCA{Ba@sBwAC]YUk@d@m@fAw@CyAoBsDc@{@_@i@H[yAQOMZaDbBDZSTb@hDOn@mAv@q@I]qBC_BsEgYUiCuBcKcE_Iq@aCYsBM_@g@UgAiE_DoJi@_AM_BoEwIXy@~BwBGo@uB{GqCoGqAaEyJ}Vg@wAAcA]_Ah@W|@u@jDaULO?y@|AgIb@sDTCX|ApAjVXp@bAhI?b@eAtEjC~AbCzF~@~AzA_BxAi@pBkCHF^kAb@SpKyN^ZdJ_MTKbCsDvAyA|@}A`B~@l@GjA_Af@kAf@QhWrDTVj@g@Jn@h@R{@tHy@rLYrA]r@N`@C|@u@zDNd@Z@L`@hBnHtAjHd@nDtB~Wp@`@@hA~@bBnDjJdDbIfHdPEr@lEtKhc@dz@oA|Cc@BBh@mB|DkAxFeA`DHh@oFb]Yr@m@\ClAgGUaEoBs@bDEzKm@V{AmA{EsJwDkFaFsEsLeGiC_@}D}AiARmCeA}@GeBs@y@s@}Ai@aDqCWw@Fm@t@d@`@M~@sBMF_FoDBO]i@VwBYu@Bg@bDzCd@VHo@SQs@gHm@sCe@iAkAeAe@aAc@wEy@qDk@oAOoBQWkAaF{AiJ}BsG{FeLc@aByB_Fo@wBuAiCa@mA_AaAm@{CsAuDS_BaFyHGkAl@u@ZmArA{@rDsDJ}AvDeC[eBHm@e@kBvBoEfA~Bh@rCITEMm@`@@lA{@nCB~AU~ATh@?\aBtBvAbE?v@h@h@dA]Di@pAkCb@Xj@lAnDaAf@f@?fAW|ABvAnEh@b@s@l@t@rAf@j@_AhM?~IkAEj@mDlK^lBh@QpAv@nAXj@l@rDdA`F`C`ALrBlAR~APjGIlGTjTa@`@DdBSt@aD~ECf@aAbCBf@`JvHp@DTz@hIpGhFfF|BjB|@kBjAqAb@Pl@s@n@Mt@b@RIt@_CNw@oEyDuIiHmFsFkL}ICa@KEJQFREOHMKe@k@eBuDaBoAMaAg@wEaEkEgGiBeBgA}Bw@e@}BiDuBwBkEwI{@_CCo@]iA}BiFn@cAb@@bR`Ij@Ut@wBf@i@nByGnCF~Ga@D\eDnVeAvAeC|E_@nA_EtGICyHsKpG_Ox@NnDnBEj@sAbC,"[('root', [49.40862474963069, 2.817278355360031])]","[('root', [49.4084099214524, 2.818297343328595])]",,2024-10-04
12562867259,a12562867259,qhqlHgrePUd@SRu@pAcB|DORMM]s@s@eAMSK]WSWq@UY_AyBa@gAUEKI{A{DKEQd@W\[j@Qp@GvEJp@@Z@p@Ed@Bf@ChABJ@RETGpABPr@zARx@^h@^~@NNVb@DBf@c@fAaBf@m@FQd@i@P[VQT_@HGFQX_@DI@MAUECDGVBnAqCl@}Ah@cA~AwD@KESRQZo@p@}Bp@oBN_@LMLu@N]Da@HWF_@JWFgAFaAPsATeDFUN_ABwA`@mDJqBHi@AWBa@R}@LkBNqA?YRuBFsBLcABq@\wBIaAL]A[Ta@LeAJmAGs@?[BOFMPk@Py@D{@PuABq@NmCZ}B@o@Js@FoBLm@MUWGCIC[FYTi@?S[m@e@gAIY?WD_A?_@Hk@AS@G?a@FaCAYLcD?y@NeDDaCAYBSFmBAWDq@EKAa@UaAMw@AYFSPmAFQZWN@DK?y@LcAAu@D}@Jy@BkAAQHsA@e@H{@FuA?_@CiACQIWAc@VmCJaC?[XyE?wAF}BAsDb@{Cb@wBV}@v@uEl@cCZsBLg@RkB^oBRkB\yANaAf@_CNmAZoAh@cDVgADa@?Sb@sBJ}@^yAFg@@a@C[GSeA_BGWw@a@iAqAa@_@SKKQQI_@]MG?E]Y[e@i@i@[g@c@i@SS]O{@{@Wa@u@q@g@Y[e@]UcA]WYM[SSIAUi@w@i@GSs@uAy@SOWUKo@m@c@UAMGKUMaAiAYMy@u@[p@SlAKNCb@Md@Ap@Mh@KhAOb@O|@Gh@Ad@[z@IhACx@k@zCE^Oj@Cz@]lBAVc@vBOdA?\MbAK`@MxAIh@QdBGXKV[xBMd@Ip@[~@CXERDTObASr@[t@WbBMnCEXGr@SbAi@|Dm@pDEj@Q~@AZa@~CWrAi@lDQt@Ch@GZo@dC_@nCOn@MtAMd@Y~ASvAIbAk@|EeAzFQjA_@zDMr@EF]vCGRO~@Q~Ag@dCw@|FGt@Sn@Y`B_@nDY`BFfBAt@q@bEa@`D[`Bg@xDMj@mAdJ[vAIj@Cb@]tCAp@JZb@Vv@Df@Pp@f@b@PLP@Vg@lCSzBCbAL`@GHK^XbAu@xAa@d@CDA`@D^Rl@Lx@f@vB\z@Jf@N\XbABd@DVAPK`@@d@,"[('root', [49.40848636440933, 2.819543732330203])]","[('root', [49.41665821708739, 2.8248818311840296])]",,2024-10-03
12532617749,a12532617749,sbqlHqjePROH?JZFDVh@HHDLt@fAFBF?Ra@`@c@HQDGHC`@g@FWLSJKb@}@`@m@FHH@JBDAF@HFf@Xl@PPBLFh@Rv@`@h@NVLREn@C@GLC?]DO?a@C[@qAEk@@Y?aCAg@E[DsAC_@AaEBeAAuBLW@i@Ra@DEPGd@AbAWD_@Q}ACy@@UES@WGiAIs@SuCKeA@WI}@EoADE\KNSVQFAPIb@MPM`@MP?JEj@g@^QLCDGVM\Ml@]XG\a@RKBE?MMO[i@g@sAU}@KQMq@Uw@Wq@Oo@Uo@AKIKWq@o@}BUe@Y{@G]y@wCUi@ESIMUk@CUk@aBIOUk@C]Wi@K_@W_B_AaBYu@Ss@O[K_@SWIEE@CHGlAO`AMpBQpAAdAa@dEMz@E~@Kb@CZEFKt@C`CE\K^WhDCz@MjASt@Cd@Id@WdCKZAJEx@Mz@ClAEt@]vDGpA[~BKnBEVURG`AKp@Ep@ERQtCIn@KfBAFMPAJ?vAa@`AQv@O^Gb@IXS^Qt@_@bAId@F\b@d@nAj@x@XXP@HG\CJGBEHWx@Q^,"[('root', [49.40854218788445, 2.8171277325600386])]","[('root', [49.40835108049214, 2.8184551745653152])]",,2024-09-29
12515904766,a12515904766,q~plHyfePZn@CTINI\Ep@e@z@GB{BzDn@`BF@\XxApBb@b@l@|@`@TNRT`@f@b@RX\Vz@x@v@f@PPJFR@N^tD~CNF@HNLP?LSJEDAVPb@j@DR?d@BF`@\v@x@xAjA\^xAfAp@v@t@n@l@X\Zd@b@FTX\VR`@BNPJZTLx@p@XN\^n@\j@j@h@l@LD\\v@j@lAhAR^HH`Aj@TVd@RX\RJV\LD\\bB\\TvAD^J\RhBR\PhAXj@HVIRJf@HJFnBR?Ko@aAg@qAKKeAsBMMEKW]c@oAq@oASo@QO[u@e@o@_AcBo@aBOQk@gAOa@k@}@e@iAg@aAgAkBOc@w@}A}AoCeA}BECa@w@_@}@OOI[{@wAOO}@_BUq@Q]OO_@y@Ma@AYHa@AQR]`@sAPw@Cw@Iq@Dg@AkAa@sGAu@KmAS{NI{BIy@@_@E]AeBKy@AoAMcD?mBGiAA{AKyAIg@OYY{@Qs@Cc@I_@Sg@[kAM_@]e@Se@aAgD[w@[iAe@iAKc@oCgIe@cBKYQOq@_CMWEw@Y{@?a@WgA{AmEiBeEC]Fs@EaBEIKAIGEU@OAKS@AVITKDMAo@q@Uc@I]DoCHk@CwAJ_CHkHJkABqCH{@@}@Km@ASBq@Jk@?q@F}@CQSQ[EQJiCnDoApAILYTUZQLSd@w@|@c@t@kAzAQ\aDfEy@z@}@tAQP[h@]r@}@~@}@hAeCxDUXULKXgAtAo@bAAHw@pAm@t@Wb@y@`AGNALg@`@}@lAqA~AQ\YZOZi@l@aBvB]XKTsA`BONw@XKCMG][Sg@KOG?CBK^U`@GTEDa@OCMDa@FOAIFMN}@VoBr@mEFm@P_AXwCVqA?S`@yAHw@\{B?UNcACEA_@a@gBCa@q@aA]KsAq@cAMeALg@Vg@bBKrAB~@G^GPQFO\W|@OHGFMl@]~CIb@O\Gl@Qr@OxAO`AEt@O^Eh@WrAI|@Ob@GZA^WnAQ|A@XVJRT|@f@l@GNIRc@ZoBL]JGN@JL\LtAB|@^bAj@ZJT?l@ZT@NUJGFDDVDNF@Zg@fBqBx@mA~B{CTe@VWjAeBrBoCxAgBt@aAv@yA,"[('root', [49.40854746848345, 2.8171336837112904])]","[('root', [49.412744119763374, 2.8373306337743998])]",,2024-09-27
12460776025,a12460776025,sbbsHcwxRWvAAz@M|@@l@^dCn@zDb@pB`@z@LLH@FLNDp@{AHGFBTf@Z~@^t@Pf@Vz@FX^bAnAlEd@n@fAlAh@x@j@n@Vl@RTl@LD?ZUT[HEX]ZUNYF??HFCROnAk@HJPfA\`ALn@Zt@Hb@FNp@fAr@`Al@`AX^`@v@~@tALGtAkAxA_B^s@t@gBt@aCb@kA\oAP[bAiCRa@BS`@eApAiD|@sBJ{@Cq@?e@Gc@m@oAE]@[DODIHGh@?l@Ov@WLGp@OJELOvAkDFYHKZaADo@BaCAg@EOKK_@Oo@KSGOAKDQRaAnA}@pAI\k@rBStAOj@SfAK`@QPGRAR@JRn@P`@Nn@b@n@DN?f@Hp@Cf@EHBJ@@DEFe@DGF?FFBJV`BJnALn@@^?^Eb@]tB_@vAMVSPm@z@Ub@o@xAa@vAk@jCC\Ah@NxBAl@KXSV{@~AOFM?sA[s@Ec@Hc@b@G@EE_DiEaFaIq@}AQi@[yAQyA@WXuADk@Ha@AWE_@UcAHe@XeAVk@J]t@aD~@yCPY`BsAHQ?SCQSw@YyAAa@BWHQZ_@LERQPAv@a@FDJM@IAScA}DSo@e@w@EWIIO@GAa@^YCKDKE]eAWcAUs@?UN_@tAsB\U^a@J?n@e@LOR_@RC|@LTNd@`@@VEj@[bAUf@_@\WZ[l@gAdBgAt@YJGAQOYs@Q{@Ui@AWBKHSNOBWDKDEd@UN_@DUZa@@OQc@OSmBuAe@Y_@QMCc@FuBHi@Jw@HMCUFWXG@QCc@@UCy@FaAJIBUTGR,"[('root', [50.47745134681463, 3.2474054396152496])]","[('root', [50.47720827162266, 3.247696040198207])]",,2024-09-20
12378149132,a12378149132,obqlH{jeP^X\f@h@bAJHP\NDHCPc@b@m@T_@X[`AkB\u@?IGM{@Sm@_@_@Oc@WM?MJOTG@KJ_@|@}@dBCHDPl@v@h@~@n@x@L@DAPg@b@w@Zo@xAoCHS@IMC_@WSCy@]KAe@[MEG@YXUHy@zAQd@QXCR@Lv@bAP^t@lADFD@FEJa@f@q@Xk@l@aAFQn@}@FQAIQKMMSG]Q[AQM?CIKGAa@UOAk@n@c@z@e@v@Sb@AV@H`@f@|A`CNLJITk@TULSP_@Xg@?SBIX_@VY\{@u@_@WGc@Se@Mo@[IAG@MPCLS^w@pAGTIJKNAJBTVVjAxBR^LLDCVk@Z_@JY^a@l@qAPUFSV]BSCIGGOAy@Y_B{@O?_@\,"[('root', [49.40855534747243, 2.817191854119301])]","[('root', [49.407926788553596, 2.8189620282500982])]",,2024-09-10
12342251623,a12342251623,u~plHiqePT_@DGF@HHDLJH\@BFLFR@d@RL@f@RZHPLLDLJVHb@RnBbAp@VJHTDRLNB`@RJHBHB^Nb@NNJ@JIBa@DEFATXRLL?DJZJb@D~@`@ZP\Ln@\\Lb@VTFp@`@rAp@\L`@Vh@VZTF?b@Rh@Xb@ITSh@cAJ_@H_@@SQaBBeAEiAGg@CcBGgBGq@?UEu@E]?a@Eo@@g@I}C@YGuCBq@IyBBa@Ac@Ey@A}AE_@Ba@Io@C}@CUK]Eo@Cy@@k@Gw@CgBGcBCUQ_AUm@i@gBa@y@e@{A_@m@Sm@Oe@G_@GIMi@m@sBg@mAMg@g@yA_CoGQgASc@o@uBIQk@eBc@cAi@uBOYYcAOYG_@k@uAg@aB]s@EUKMG@GHG?EEGFKfAAh@OjBOx@Cp@EVQlDUtBA`@Il@Ad@UxACn@a@zDAf@?LPj@P|@FfADVh@~ANdAj@tBVr@FlBPdA`@|C^nEHzAd@rEB`@@~@TtBDx@ETI@EAEI[Qq@kASUOKs@{@cAyAu@{@IQMKYMq@eBgAyBQUI?EBITEX?pBQlB]nCS|CK^En@UfBAVFRAH[ZOt@M\_@~AeAvCg@fBAHHPj@Xl@`@l@Vp@N,"[('root', [49.40854906104505, 2.817329317331314])]","[('root', [49.40805612131953, 2.8194128908216953])]",,2024-09-06
12318931560,a12318931560,_aqlHojeP\h@DVVf@Ld@NPNBFCJMJU\g@Zm@NM\e@Zq@`@k@NYBQ?KKMo@YQCiA_@[UQEIDa@j@y@hBGNU`@IRAFRf@Nh@RRVl@TZDHPTF@FEPm@t@_A~@oBLOn@iAEa@]Am@Y_@]i@YSISAK?KHYp@YbA{@bBDXPVPn@R\Tj@Zb@N@HI^w@f@u@`AsBp@iA@IEEYIQWUI_@Wa@Ei@_@MCGBQZSPYz@{@fBGRFTJNDBBDBHLPJVT`@`@p@HJD@HADGJYV]f@_AN_@t@iAj@qA?IGUOAaCm@QK_@Kg@d@yAjDANBPTb@Tz@^j@FZLNL@HADEj@_ANSr@uAv@wATYLWGMUGc@UgCeAE?EBKTOHKLe@xAc@z@ETDJb@j@PZBJHJDVRb@NVNFBAl@iAHQV[FUV]\s@LMd@}@@KESQWEACBG?y@S}@[[QI?MFEJQHMN]bAs@vACRBR`@f@b@z@p@jAF@FGL_@b@g@b@}@vA{BRe@AIGEYIoAg@QEs@g@OEOB,"[('root', [49.40856305882335, 2.8172870725393295])]","[('root', [49.40782989375293, 2.819121452048421])]",,2024-09-03
12315484270,a12315484270,{~plHwpePP_@JMPTNJZDPLL@FDFAl@Zf@Jb@PFAXND?FBREDBt@b@l@RTDXNXJRDXLH@JFR@LEh@EDC@UIcA@o@A}AHAHDFCDsAImA@o@FiA@{ABe@E_BBg@Go@?{A@e@HK?_@De@TWXMvAUPEfFy@h@OR?FC^Aj@Kj@CbAWpAMPKLCX@BUKqAGYE}@MyC@i@Eo@Ay@YaB}BaH]s@MQwAqEgA_DMk@_@_Au@gCQ_@YcAOSI[Qg@EYk@eAYgAUgAW]W}@Ie@[m@I_@GIK]Wu@KM[}AMSWmA_@}@o@kBECW@E@ITEn@Kj@OtAErAw@pKSlBSbAAR?n@WzCA^GZEj@Mb@EXEt@@^EbA]rDMx@Er@Kr@E~@Kr@KnAI^MrBI^Cb@JZNR|@jBZhA\t@Nh@DDP@X`@~@dAfBlCd@t@BJp@j@Vb@@FA`@T^BXAjABh@AfAJpJ@pBCVBl@Cl@LzAAd@C`@EBGAMG[EEEU?a@S]GYMMAUKKKUIOBUC{@_@KI]QM?MEa@Y_A_@mA_@MISEGAEBINOf@,"[('root', [49.40857605077326, 2.8173924330621958])]","[('root', [49.40854319371283, 2.8179650846868753])]",,2024-09-03
12287306812,a12287306812,{~plHmcePGv@ITUd@u@jA_AdBANNRPf@FHHDPXB@VVj@|@`AhAZf@Rd@FFVBT^L\JBDNJJLBz@z@\VHJvAfAFJPFT`@tArAVLjAz@JDF?JGR[FJHFL?LHZb@D^Bj@HLbAt@x@v@dAx@JNvB`BHLj@d@LPd@XDBJA@OHW\m@L_@TYDQn@qAFM@]VQXWVc@l@u@dBcDh@k@Zk@p@yAXc@LEBGEMEIUEKG]a@IQo@e@]]IKCW[c@CKa@k@Sc@AK?UHg@Ba@b@oAXm@Ri@F]@e@CcAMsA@KEiAEWBa@?wAAW@_BC_AKiACgAOeAIoBAe@BsAEqAE_A?]CSK[MkAIuABWA{@QwC?[G}ACUBeAEe@AiAI_B@yACi@Ia@s@uBAMIc@iAeCUa@u@_Co@cBSs@KWKg@g@uAmAqDYm@_@oACQSe@k@iBECWo@c@{Ai@mAUw@Co@u@gCSe@KMW{@Ow@KSSaAKWg@o@W{@SCOGIJEV?XC|@c@hDCp@?|@YrCOnAEj@?b@KrBIb@IlAIZGh@W`AGLI`@@rAGnBYrAG`AK`@CRCl@WbB[dCItAGvCQpA?r@O|@Md@An@Ot@KjB?\QzAAd@m@dGIdBCHMJKPUrA}@jCEVYjA]t@K`@,"[('root', [49.408506732434034, 2.817412381991744])]","[('root', [49.40900235436857, 2.8201375901699066])]",,2024-08-31
12247940574,a12247940574,esplHcmeP`Af@zB~@bAf@NL@FAVLTDP@|@CfCBvBCLJlB?dACLB`DAtB@`BH`A@fGE?UPGPF`ABNAPAHKDGHiA|Bq@x@WVk@`AG@O^g@l@{@lAYZOTGD[b@ULCF@FCLOHEHOJg@ZWFIHEAMM_@q@@OEq@Ou@]cA_@y@g@k@a@}@W[Sk@o@qA]wASc@c@i@S[Sg@ESa@u@]k@[YQg@OY{AsBUy@OU{@eAKOYs@{@eAsB{DMACDgAjBQb@s@jAOb@KLQb@EN[ZKDYTE?Wh@CHGJIDIQEA]DGG]eASg@OQ[s@IIw@}Aa@m@K]eAgCe@{@m@iBqByEaAkCOOQi@o@yAiA{AIS[wAO]k@wBy@aCGg@c@s@IIc@_Aa@s@sAqBOc@Qu@Iw@Fe@G]Y_AwBsGsAuDg@iACME_@m@}AQs@Cg@YgAc@mA_@y@g@uASe@Oc@]s@Gg@I]@QPGfAcA|E}FLCJBHGHa@HY?[J]HOPu@O{BIo@@k@Es@@y@Ic@S}DOmBAk@?m@IeAAaAG}@?OUwAEoAIqBGaCMuA?a@[}BBQIk@Au@EOGeAOkBIc@I}BI}AA[BYTCRHFDPXLFBIHEbAe@|BuAb@_@dB_AVUvA{@`@M\QHCh@a@PGp@e@RI^[VMREf@]XW\Q^WRSPIZYr@e@^APO|@e@VSdAs@PS\S~@s@f@Wj@Sr@m@z@_@T[n@[FIDAJQZE^OHEHKPG`@YREl@i@d@[bAcAVMf@[v@Wh@ThA@NBBHPRd@v@f@^fAdAl@NHZPPVPLR\Z`@l@f@l@b@Z|@lA|@~@PJNNXNdAlAVNl@r@tId`ALV?HDNRd@Nh@?Hj@fBZnAR\n@rB`@`A\jA`@bA~@dDHNl@dBVp@Pv@j@tAJf@Xz@bBlEF\f@zALj@Zx@XdAP^nA~DD^HvCPfCBrAF|@C`@DrB?fBZnGAv@Dd@HfEHr@DfELvALfCJpADjAAj@JjBDP@hAK^]`@s@`ACDG?Uk@_@k@y@F{@KYOgBq@_Ac@e@OaD_Bc@Mm@a@g@Ma@Ue@QK?IJERO@EAQQMWCa@GEa@Wk@WQMYMWUy@[_@Ua@M,"[('root', [49.4085483904928, 2.8173156548291445])]","[('root', [49.40863539464772, 2.8182489797472954])]",,2024-08-26
12240689910,a12240689910,csplHcmePBDTHLH\HJFFFdBt@dAf@HP?NBXFFN?ZQ\?t@^z@h@bDtAvAt@f@N~@f@lAf@BDb@TZNH?fAn@LFF@LED?THD?JMRc@l@}@FcAGiD@KAIAgBEa@GiDIgA@}@MsA?u@Ge@A_AQoC?k@IwACaBYmHAsBKaBIa@?sBOkEOe@I_@Yw@S{@m@eBk@{AGUIOQs@c@wAO]Qs@o@aB_AsC]y@Oi@Sc@EWSg@EWQWYuAUc@Ia@Uw@a@aAYcA[}@mAiEGMK]OYSo@IQMg@EEYeAQe@[uAY[WGO?CHKh@?HK`@qA|PKz@Mh@Cl@Ij@?z@,"[('root', [49.408546378836036, 2.817358737811446])]","[('root', [49.40694057382643, 2.8295298479497433])]",,2024-08-25
12179373351,a12179373351,atrdGj`AQb@Kj@QZEFu@\UTQBa@b@AFG@OCUIUAsAJa@NBAe@LSH_@b@YL]@MCECGQKcAKQ[IIEU?cB\MJMj@ILc@ReA|@Uh@Mv@M^KRYPWTLGLQDe@L[RkAPYHUJa@AAI?g@RUTWd@SPMXQHGEIU@Sb@{@l@aAb@kADa@Cm@E]Si@Qq@KMKi@QSGAKAQIm@IK@k@I[Ce@IE?iAQYSO[Mg@U[m@eAEMc@o@Ys@}@eBQSe@iAU_@[_@c@cAQYSg@g@g@{@oBYc@IQMu@SCU]Qc@Ie@g@i@]y@IY]]KUKa@B?D]b@{@\_@NKPWTUHa@f@w@LKJBLVNF\ZBJb@RFP@JGz@FRDBZBLDDHb@QRc@\?PDR@XFp@ZRFH?TJR@f@XPBb@Av@NTbABT?JDZPf@V^Dx@f@tA@JEZAb@Hn@@^Rh@Vb@BR\p@H\Rb@F^Xb@DLAPEFUJYFY?C@MHSTOVCXMVEj@?JBBL@FCNUFE`@CNBL?HEHWHC^JHGTa@TKPQN@XGH?XEJEXa@VAJCT@LAV?RDh@Cl@NN`@`@HFAl@S^FPHJ@h@GP@`@A\FXAt@QR?@GHOF?VMPUd@YNQNKDIHEV?PQN]Hm@L[DQDg@FWVo@HKF?\HNCRBPAhAJd@NRRP?t@Gd@QHGl@@l@SVAJMHSTWJ_@JORKRBb@PJARMPGZWV[LEN@XFTH`@DNFLT?RMn@Ob@MPEh@[~@s@hAe@Zk@j@c@\]JULq@z@IDa@d@}@t@YNS\@NBDN@\AVGv@_AZWf@SXIZYb@SLE,"[('root', [42.86289288662374, -0.010458268225193024])]","[('root', [42.85928095690906, -0.007459055632352829])]",,2024-08-18
12130783209,a12130783209,wy_sHimxRI^c@r@OLcDdAo@FQPGV?\Jt@H^Xl@F|AEhAgAzB[dA_AnBiAdD}@nB[fA_@|@Ml@yAzDs@nA{BxBWLk@s@yAkCcCqDm@sAMo@e@uA[y@GGgBl@g@AiBrBe@EOIuEgG[k@aAeDOu@c@oAeAyEMUk@Ps@p@m@^OGQHQx@GNcAjB]f@q@rA[jAa@~Bg@bBwCbF[d@ULQAsBoBg@[SEYDSV_@j@GTSb@]b@OJWDcDcCaCo@w@[_AOyBAOFoAKyA@q@IcALy@@oCiAaDg@WDIJeAnBSVUFk@WsE{De@Sw@E_Bp@q@Li@MoCuB}AaBWa@i@kAUYs@e@KSWUa@eAN{@V}CH_C?QI[Uc@[_@u@c@_CaC_@WY[a@u@Wu@o@wCSq@]w@Mk@kA_Ey@cCq@iC[y@c@o@qAiAyAs@c@]Wa@}@hCaAhDMRc@rAe@dBQXIn@Sf@y@`Di@~AA|@DLv@zAfAvAjAlBp@t@nBtAJNRp@d@fEJzARvHApCMp@[l@CVAZRxA^dBHJtBtG`ArBnArEHf@GjA?jAJt@Pd@t@bAdDnBZFbAj@V?TNHCJQNw@HMHwATqAn@_Gt@sFPo@`AmCZcBXcAzAkCj@i@p@}@XARVTLd@JhBq@l@Q\Af@Hp@f@x@`AjAx@j@l@b@RLATOxAkCTIT?lCh@rB~@p@LfEChDJ|AMvC`@HNfBj@pCxBVJNCNMrAmC^QXBp@Z~@dAf@b@b@DVU^w@n@w@h@eAj@y@`@iAV_@ZgBj@yAJy@Re@PQVm@X_@`@aATyAk@aCC_@u@_Ei@mDBk@No@?{@Ly@z@qC`AoB`@mAVSh@_Bx@oBb@}@D?nAnAVDLIXiAFIJ?D@Xd@j@b@hAfA\v@Hn@TR^l@^vAFb@ZbA\f@^V|@fAnA~B^^jA~BLH\SxA{A^M^C~@q@~@e@LMJWZe@D[AIUm@SmAWm@WcB?SLs@z@_ClAuBr@kBVa@b@cAv@kAv@q@\a@j@iAxA{Dx@kCl@_ATeAz@uBPEpALvCDfBL|AXHHBNCZSt@?`@DJt@ZbAx@R`@HXAXkA`BUPWh@e@j@_A|@KGu@iBq@gAy@Mi@HY`@Yj@Kh@AZLfD,"[('root', [50.46619797125459, 3.246451076120138])]","[('root', [50.467212265357375, 3.246568590402603])]",,2024-08-12
12115137871,a12115137871,u{_sHsgyRCQAe@HGJ?JDDCHW?sAC_@Qs@]c@O_@?a@IgAAoAH]BIXWFMDOHeDBGRIDIBKBs@@cCBWHSFIB?PHZDJ?RMNCpAAV@|ARlABVIDEBMBu@AYLuA@a@V{B^gCBi@VgAHk@@QDS@s@Ek@EOIDSXOHKDWAaAm@e@QKIKQa@WEIAa@FKFSCMJYD[@Y?w@HUGO[DQHK@s@BuKv[c@Gc@e@USOYMaAK][oAm@wA_@mAWoAYaA[w@m@uBw@mBsA}Bc@WIAMBGHCNNjAPfDCTDxBIxBCLEx@YpBUrDWbAGv@Mf@?^O\EVIVIb@C`@GHGCo@y@MCQKS]a@g@Q[EAIHGBB`@?NICGM?GCMOc@GIQIi@pAEBC?KIYc@MKIOGi@CgBDM^@RI^}@DS@YCw@EQGEG?gAL}@BeANKAqA\uClAYj@Oz@kAjL?l@Jb@G`@A`@]|AMZMf@,"[('root', [50.46649527736008, 3.2453067786991596])]","[('root', [50.475911842659116, 3.2474076189100742])]",,2024-08-10
12105568027,a12105568027,{bbsHyuxRShA@p@S~@@lAVnAVdATrAj@dCHVDZ`@hALHT?DCTc@JIZ_@LWX[`AbEhAbEZvAPXL`@Tb@V\`@^|@tAZXR`@l@r@ZXZBV?d@_@Z[r@c@BGRCTMRGTSTCD@Jf@NVh@rALl@Tj@h@fAnAfBLf@Z\V\fAnBJJLDZADGPKX[r@i@r@y@Rc@Ja@~@aBt@yCbAcD`@{@V{@N_@HYRe@F[L_@xA{CTw@NWFSFg@MiAG_@MWMo@KU?o@@UFSJO\ALEF?vAa@XMt@Mn@WXa@VqAZkAb@{@Na@Bi@IiC@_@CM[]Q[GAEDI@YQUIEII[J}@@cAOkACk@Mi@C{@MkAE_AAcBIy@@i@OmBBc@DO\c@VUBGDUAo@DcAF]DEVAFK?OEi@DgBAuAJq@CKOGOHa@DY?QGOMOWYw@MWwAu@SIUSKWQ}@M_@Mm@Ma@_@}@e@oBs@_Ck@{Aa@cB{@{Bs@oAKMQM[EM@EDE\DVNXHXDrADdDAr@GzAG|@Kz@c@bCGjBIl@Qn@?PQlBOt@Qd@UpAGl@Q~@QtAUdAO~@IXIj@Cf@_@|ABNf@l@`@x@H\@R@\ENo@\QPK?OUQe@k@W][GAUe@KG}@Ma@?[D_@Cc@?]PWFMAUDWP]BSDg@?ODS?OBkB?m@JST,"[('root', [50.47750792466104, 3.2471865881234407])]","[('root', [50.47713509760797, 3.247792264446616])]",,2024-08-09
12097680766,a12097680766,mabsHczxR[bA_@fBGr@?b@Cn@?b@Hv@XtAj@rDn@nCTl@JJF@LEhAcAZQFAjApEBb@~@~B^tAXx@lBxC~C`ELDPAh@k@z@c@l@k@z@ULITWLGDADDJPDRNvB\fANZrAnBPP`@h@~@`Bn@z@`@p@\ZLCVg@lAcALQ^_@r@gBj@_AZ}@n@{BXu@DSX}@b@}@d@qATe@V}@`AqBX{@DWh@mADU@YEaAGk@Qu@Eg@Mi@AMBIFG|@IzA[NIbA}@^g@FSBSZiAPi@BM`@q@La@J}@Gs@?]Ck@Kc@EIg@U[Ug@OIS?i@F{@EmAOw@YyBKWI?WJiBj@y@^_@^a@r@SPG@QEs@k@GAEBc@lAOn@IJS?g@Yw@Q[QWUi@}@W]OYKk@@_@Hk@b@gA@_@IQg@Sw@i@IAU@MFYT{@f@WVSDSSm@{@[WYIuAo@,"[('root', [50.47707248479128, 3.2477462477982044])]","[('root', [50.47451793216169, 3.2491176947951317])]",,2024-08-08
12088233175,a12088233175,{`asHurwR?II_@c@kAYk@m@w@}@uAwAaCsBiE_BiEIO[WCGm@mBQ_@E]@YGa@_@aAWcAU]MK,"[('root', [50.47256704419851, 3.236591862514615])]","[('root', [50.477396193891764, 3.247308377176523])]",,2024-08-07
12071075139,a12071075139,ibbsHaxxRc@vBCf@@b@Kn@?h@L`Av@`Ft@bD^v@NNPJJ?JG\e@JIJUPWNMB?DD@LTp@Hl@r@~C~@zCRx@Xv@R`@fAvARPP`@RXTRj@x@TTNTVFREZ[TQX]t@]BE^Ib@SPEF?`@SDBHl@Nd@Hp@XfAXz@X^x@dB^f@z@vALNVd@h@n@`@p@FCv@aAj@a@x@w@V]Te@~@yBF[LUXiAt@{B|@yB`@kARYLm@`@iA`AyB`@iAZq@N_@Dg@Co@C]?i@I[Yc@Sg@Ec@BOPQFAX?RErA_@h@SXEZMBEdByE^{@Fq@B{CDODETAh@Lb@X`Ah@J@LKLw@?MTgADg@?]Nk@d@mCNe@\cC\yAP{ARy@Jq@Jc@`@uC`@uBFi@?IMM_A}@{@e@OQWMMSi@c@_@Uq@i@i@[Kc@?OFIL?\FdCHLCFK@UA]FcA?eAFwADQb@{Df@oCFo@Cg@OUK?SP_@Cy@i@_B{@WU@i@TaBJmA?SAGKGS?qAL{@?Y\Wb@m@v@O\GVC\c@rCEPW\K`@G`@Kb@EZuAzGMb@Q`ACFKFKCIQ_A{@MWKa@GMc@kBUq@Q_@q@oC[_Aq@cCe@qAy@qBi@eAW_@QMG?WMEAKDCN?LTdAFrB?xCGjCQbBc@|CGrAQlAS~@Eh@]~Ac@jD,"[('root', [50.47735688276589, 3.247492862865329])]","[('root', [50.47728404402733, 3.247567880898714])]",,2024-08-05
12058111082,a12058111082,svasH{zxR`@VJTWl@Ub@K^TpC@rBBPFT\p@Ld@Ih@e@j@c@^c@f@OTQNORIFEHx@tCZvBJXNj@P^z@zCv@rArD~EF@HNLNFB\?PEf@WPMFMPONGZSTAFCHK\MTOREDBDVL^Lz@LRHb@Xz@DVVl@b@v@LL^r@FRb@f@x@xAX^FDLTRXZt@d@n@`@`@DBN?NLJBb@c@LEZAnAR~@RTJH?HGPa@GCk@Xg@Ow@CICQCa@@]N[XSDKSMc@cAmBESFWLOr@e@r@i@^a@P]fAgCt@_CXkAfB_FJe@@a@DEPEBEXw@P_@f@oARm@z@kBJi@?m@M{AQYOQ?KLGF@R\JJz@n@^R^LFJ^Z~@`AfArB`@~@Zj@Pj@lA~Bh@rAj@lAv@rA`@l@~A|Ad@ZHBPGLSJa@n@iDx@{Fp@cDZsBHa@TmCvB}NlCqUPoAJqAh@cE@[A[IU}AyAkCeBm@[mAw@_Bw@[W{Aw@cBaAWUMU_@WMQi@]i@UGK?QNIF@h@XD?XBb@@h@DDCBEBWAiABq@A{ANw@\sDb@_CPyAAa@KSECGAQ@SLE?MEyA}@iAm@KIAK`@uDBa@EUoDj@aAdAW^Qh@U~AMxAQBKRUlA?JF?AOOh@[~A]`AGb@K`@Gj@Mj@If@c@|AStAg@jAEVUj@CNOTIb@S^c@hAKf@G@KLSv@U^?HIFERiAlCg@`@]f@MJQZSLY\Ur@a@v@G@MKs@eAy@g@SGGBILWr@]f@]ZWPE?ECI]GOKEK@QIYQo@o@mAm@KCM@y@HKD,"[('root', [50.477375239133835, 3.2473488617688417])]","[('root', [50.475006848573685, 3.2488279324024916])]",,2024-08-04
12046372099,a12046372099,{cbsHepxR@ZFn@`@vB\|Bt@dDXp@SHCFC\Ut@i@v@}A|CWjAO`@_@hB]jAmDjGWZMBSCUW_@]i@m@y@k@OCG?SFSVy@bBWb@SNY?]SyAoAq@a@YK]GeD{@SCe@?_@BKJ_@KsAEE@aAEyAC{BB]Iw@c@]M_Ba@mAQ]?QFIH}@dBSZUJ[?o@i@_CyBu@m@_@Qc@KQBmAd@WN]FQ@QAKC{@q@KCE@EFo@dAu@~@gApB[r@[bBQn@_AzBGXy@lGuAzKKpAIT?TFNVJl@l@~A`AxAfAh@d@d@d@h@t@xCzC~@rAfArBtAxBj@`ARTZh@hAjAdBtBbCfE~BpE`DxF\t@FDNFZANKT_@Li@d@qCDc@n@gDt@cClBmFXo@rBkCx@kAZi@lAgCnBcEJ_@Zk@|AeDTi@@MB@HSDGDOJKTo@HIRq@Tg@RYd@kAfBaEbAiCtBiEt@uBFU@Wa@kAc@cACMBk@HW\g@JUT]rAiCbBeHz@oARc@VYp@gAHAJDF?NGHODSDm@DGX]b@]^a@JC^lAb@bB`@tBVp@^nAZnAPd@T^~@fA`ArAdAnA\f@PLP?HCb@c@l@g@d@QLO|@Yt@_@FAB@DBrKlSDOHK\a@|@u@b@c@f@eAv@qBr@{BZmAl@aBN[\eATc@tAwDf@iAb@y@b@mAJi@@YKkB?MWg@C]K]A_@DOFIJEdAKTIRCf@Q^G`@OZa@tBgGFW@Y?oDEOOOuAk@OCU?IHeB`Cu@`Bi@nBaAbFCLOT?l@BRbAtBh@n@\Vh@V`@TVFPH^`@RNl@x@b@|@b@nAr@rAxC|Gf@~@xAtB|@z@h@\HBD?PKnD}Sv@{EZyB|Fkf@XqCXsB@QCc@OYaA{@Uc@YQyAw@q@g@oBeAoCmBe@Se@Yi@c@OGmAu@IIq@c@SGo@[}@SeBKg@@GAi@CyAOKC[[Qi@GIKIMCE@KFOX[tACRSr@k@pAq@rBq@zAUt@Yd@c@hAELi@jAQLWb@]ZOHO\]f@G^e@v@IXGDG@EAMK]c@q@c@YE]SG?GBSZo@x@k@`@EAQa@IKu@g@[[aAm@WQMA_@AoAPQ?cC^q@D,"[('root', [50.477803722023964, 3.2463401835411787])]","[('root', [50.47601066529751, 3.2485398463904858])]",,2024-08-02
12021989511,a12021989511,ovasHinyRIEEBqAhDi@`Bm@pAW~@JJ@JEFKAODMJMV_@jAg@bAc@bAi@zBGl@?j@Id@Ch@`@nCHZ\|Br@zCHXR`@NLXFD?JG\URUJE^e@H?ZdBPv@n@bCh@~Al@zBXj@rBjChA`Bb@h@ZL\CPQ`@QVU`Ag@b@MROh@UJCDDjAdFXh@Pb@dAp@^l@DNVVd@p@bAbBd@r@FBnA{AhAkAp@yAbAaCf@{ARw@p@uB|@_CH]h@y@b@mAVg@~A}DD[@QC]QyA]q@Dc@Ku@BULSZ?TQn@SBMBqCNsADGn@Ob@QPILSCq@Dw@?cECYLiAAy@Cy@S{AKaBK{@QyIIqAJQNQJWF[ToCBMPKHQ@KHaFCQY]MGW?]MSQQ]Ie@Ce@@YNkAt@iDFe@TaARcB^uBLe@ZmBTk@NW`@a@PY\[PGl@BrAMP?z@QZMNKx@{@~CaEnAyAJK|C}EhBkCTc@fA{CpAeFp@eCDI\uAFE,"[('root', [50.476446, 3.248103])]","[('root', [50.453958, 3.261891])]",,2024-07-30
12005510027,a12005510027,mabsH}yxRSn@_@~AIl@Av@Iv@Ad@Bf@Lt@d@dCd@nCd@tBLTLJJBFMJEPDTEn@{@NMDBl@zBN\h@fC\z@~@fD~B`Dr@fAZZNJZh@HHJDXCTQ\On@i@NKJEHGh@Ox@_@PMHBJj@\rAHf@Rn@Rv@h@rARRXb@jBvCHFf@JJDN\X`@D@JEZg@vBkBzAmDp@wBl@aChAsCFWXi@n@aBFWdC_GLu@A]MsAMW@CH@N^PnAHLPJFLh@bF@ZAp@UbBe@pBc@x@eAbBK^o@|AOd@UdAY`AMz@Ad@L`ABp@Ab@K^_@h@s@tAGBIAc@WeBc@SBID_@VKVKBEC}B{DIIg@w@II{AeCcAyAEOBQl@oAVs@Rc@t@kDb@o@Pe@x@yA|@oBT_@Ne@NWZsAXWx@wAHKTODGDQR_@zAsDf@wAHALLZDv@VJCLQD?Nl@JHRD^NPBb@Qj@O^E^KX@DEVeA^w@d@{A`@eAPu@BQCoCKk@KMg@[WKWGWAIICILuAAyAQ_BG]KgAUwHGcDF]h@qANmA@s@B]RIHQFeFAS[[KGm@IWOi@_Aq@k@iAs@QSSm@y@yCg@kAm@aCCIEC]uAqAcEk@uA}@eB]WWKMBCRNtAFpA?z@F~@Ej@C|@ErAQjCYnB[vDGTARSz@w@lEcAfHg@~CW~@GCEK_AyAg@iA_@k@aD_F@qF_@{DSoDEGO@a@TgAZq@`@Sf@IZoAjJI`@Gr@c@dCBRNd@ZnBHnAHd@b@fATx@\z@JJVFHHFZB\]tCSjAAt@Q\}@z@W`@eArA{@tA,"[('root', [50.47699771821499, 3.247685395181179])]","[('root', [50.47714834101498, 3.2460153847932816])]",,2024-07-28
11961697854,a11961697854,mcnrH_cvRA@MKSw@i@kAUYGCKFGFMn@Ub@u@hCSnBG|@_@pCc@dEG|@?TDNJNdAPl@@jBt@PLTd@XXh@LP@\FDCFUPyB^cDTaDDIR@NEJAJG@GKw@Bc@SeCIyBScDMmD?_AIGCEAUEMICaAZYRODECQi@Wi@[aAOSQDETKPc@r@aAjBkBbH?RBNj@Xp@f@FJWdBMjAWpBU|B]rCGz@QrAGLE@M?c@UcBu@]?OHw@v@MNGT?JF^`@dANn@C?FPAFLNAFJ`@ETDh@@x@CB]Ig@Bo@PQRKXEf@?j@DbAJv@Rp@^~@BTFHJFV`@b@`@D@@MYQQUUg@?OPS`AqBLORo@v@eAtA_Cz@oANGRBf@Dj@J\Nr@R^@h@HhABHI?IKaAA[RsBJSP?^Pb@Jh@Rh@HL?FGJk@Fy@Iu@GqB@o@YaC@c@Em@Ic@Gk@EgAM_AGcBa@eFAgBCM?k@Is@GmAIOECYESDk@ZQDGIM_@IO_@cAMUECYJgA~Aq@pAIX?HFPdAjAdAvAVh@Zz@Tz@N|@HfAFpACtBa@zEUjBK|AIj@@FBFd@T^JX?JBZP|@P~Af@JAJOJo@@i@F]BWG[AsAQ_CMaA,"[('root', [50.37553955800831, 3.2315715216100216])]","[('root', [50.37538013420999, 3.230724362656474])]",,2024-07-23
11954607751,a11954607751,qbbsHowxRYpAE\?v@Kp@Aj@Fj@dAlGh@xB`@bAJLHBT@p@i@NSHEVWBAFDNt@DFB@DHfArEL\jAfEr@jAPPLRbC~CXXFNNPVDHCb@S~@}@`@UPGD?~Au@HDRbAZfAF`@r@xB^v@X`@f@~@h@p@h@|@TZFDd@x@FDD?JEH@DCl@q@vAoAZ_@Pe@fA{BvB_HJMXu@Ru@HKDUFIH_@b@w@Ra@BOXk@Hc@Zm@DQd@_APg@Lq@?]OaBKES]?w@E_@B]|@KlCu@HI\@FGLk@\w@^mAn@eBNe@Do@?aBE_@Og@KIw@QYKQCOEEa@FsA?mAIi@W_DGYGGMDe@@i@JSHKA]Na@T]ZY^c@r@GDI?c@a@SMO?IBGLa@fAOp@GHQAs@]CEO?MEOMW_@Ui@yAoBGAMHI?G@KLQDQ[_Aq@{@aAKe@Wm@w@k@}@s@c@Ym@Uo@Ha@Je@BcANmAJe@?w@JW?w@H,"[('root', [50.4773891530931, 3.2474125642329454])]","[('root', [50.47646806575358, 3.247508956119418])]",,2024-07-22
11941283906,a11941283906,mvasH_{xR\XFJ?HIp@GTUf@CXAp@Fp@D`CHd@^bAHZBR[\[l@o@f@sApAOUG]YwBQgAGACDNb@Lr@b@rCDb@VZJVThAFx@HRJ`@\dAd@dAn@hCTb@j@z@f@p@^\^r@RRLD\h@RLZd@FB^?JCTWTCDGDMJOP]ZKROF?NFt@k@JANM@BL~@FVL|@Lh@JPLl@Z|@t@jAXVr@xA^f@FDDVJPDDFBb@x@J@RKJFD@LEx@eAl@o@b@_@FKhBiElAmE^cAdAkCNm@h@cAXq@F[l@kARk@LULg@JWHq@IyAIY[k@Mg@Ic@AGE?JPX|@b@v@?r@DHLL^l@DNBr@FZ@\ZpCEfAIXIv@KTFDHQBg@D[B?Fu@mAcLTILB@BLFPL|@b@`A~@f@l@b@x@\`A\n@^|@bIpNpAz@NCNa@He@jBwKjAwGp@kEfCaTj@kFbC{RDk@?a@IYQM?Fs@y@a@YKAu@c@}@o@yBkAaDmBSSw@e@UK_BiA_@]Yg@SIm@QKIlDoAFmDh@yEj@cDJw@A_@CQEIGCIB[RO@UKq@c@cBmENcB?OEKMAa@NWASDU@QDQAID]b@uAvBUjBQ~@ENKBIH[vAQnAaDjNSjAYj@Qr@a@x@}CjIo@vAGLMHW\_C`DIDSj@G@MCiAs@KC_Ae@G@EBSj@STsCg@k@g@e@Sg@QGIGCG@[JkAB,"[('root', [50.47734472900629, 3.2473960518836975])]","[('root', [50.47509988769889, 3.2488344702869654])]",,2024-07-21
11930143758,a11930143758,mvasHanyRMISXi@dBqBjFSz@c@h@c@nAeAtBs@jCIp@@dAKd@@t@~@`Gr@fDb@~@PN|@}@^A\g@NHz@dEjBdHj@hAtBhC^v@bBfBt@EFMx@_@Tc@~CoABd@h@fCR^X`AXVrGhJKOTEr@cA~@q@d@m@|AsDzAmFxAaDPy@TWZgAtAcDXgA\s@?uAKo@KUW{BFSTC@QGYa@OCa@tBgJvBcDTc@Hg@JmBCm@[_DMkB]mLJi@n@_AHyC^[JwAByAEy@F]`@@pLjFv@R`An@HPAf@[pBBb@Eh@cAvGaBhH}@zE]pCOr@OVU@J]_AUg@[g@Gi@Hk@o@qAe@KFrBr@XTZGDgAf@eEg@nCQjBIVo@m@yAg@OS?YP]?}@k@gH]mLJ_@v@qAfAB\PzAxDRN|BcD~AsCg@}AcBcAY[?W`@oAx@ZrIjFfBt@nBxAdDpA^En@TTATQvCoGzBkCxViQlSkO?YSkAsAuFi@cBScBOWD[o@iDi@mB{@uG?]VaA?UWyBsAyCsAiBKm@I_BEGGAWV_AHIJiHnAkCTaCDwDt@eAp@uARyA^uAt@_Bf@s@LmB~@eK~DCMLi@^Gh@e@tBcAd@i@`@{@COMOuA_A]TITQDmAw@mAhAFl@bAtASrAAb@UfAi@dEWx@m@a@_@F[_@[iA@KTSJSrBiMfB}HXoBrCsLToB~@kF\c@b@_DrD}S`BaK|D{TTmAL_@VsB\qABm@ZeBA[BIDJCWP_BDZa@vBFg@FADSNuBGQ_@KHmAP]VmEXiAh@{Ar@eBDiB\}DEo@IE_APyAf@sAn@kKnG{@`@g@BuAi@_A_AsJqEg@g@eByDo@m@eFmD}@UaAn@]pAOpAEdBBZMxADxBc@~CQnFMNg@Gn@HFNAbC`@`Nb@lEf@dDBjDF~Bp@xC?r@QlB@z@b@fCn@zGz@bEVhC@|BMpAi@pB?PiB|@gAdAo@\w@FwCg@_CfB{B^_@TORKd@CnCQbCEHwAj@_DzDYl@o@jDS`@_@?gEoAoBiAmAWeBiCYWe@SsE@sCzBo@DoA[WXOdAc@pFk@`FOrCUnHFvFMlEMlAu@`EUdCl@bFBp@fAvKR|@fAnDNpANhCLx@bBtFI^U\gB`Bu@jAy@j@Wf@_CdCmArC]hAIj@DjAxB~Lh@jAlAP,"[('root', [50.47679454088211, 3.2475495245307684])]","[('root', [50.47741295769811, 3.2471781224012375])]",,2024-07-19
11913831581,a11913831581,wvasHk{xRf@b@HTq@tAGx@PjEPhARb@Tt@@N_@bAgCjCIJAHf@~A~@rEnAlE\n@|CjErAzAPHP?nAm@hAkAj@CfAi@L`AdAtEx@tAn@v@lBbDTX`@@Zd@PCpCqCzA_DtBoHxAkDDc@VWbAsCPSlAeDHc@@[KeA^~@\d@n@zF?^K`AWvA[lAqClFSj@{@rDMnAJzBGr@yAxCI@uAg@k@Iq@DYPQ\Kr@Bl@Al@S|Am@xCEHg@XKCwBmCs@s@iA]}@Ey@iC{@{AiDwDoB{Ae@i@_@i@MoAUMi@JW_@g@gAqA{DaF{Km@uCC}AEGYMi@wAuAeH[{BAk@Nu@DoAn@qCPk@v@uAZmAb@m@No@|BkFJDP\`Av@ZQ\y@P?nDpDh@ZXQt@aATITFX\rAjDFFb@UbA_AnBwBxB}CXm@@WM[i@c@w@aA_BuD{A{Fw@uB[kDOkEYeF@Ur@OxEYHR?|@K`@a@~@o@HGHCl@H~ADTj@p@NFPIl@qAPA`@p@zAdBn@`@^`@RCdBmJ~@yJD_BAuCGqCQuADONCt@d@~AtDzAvErA`Fd@vA`AjDNRRHx@x@NB`AsDhAmF\oAfAuGP_@h@k@^o@RMXKbCMFHCn@BXEAIXUlB?XNNnDtBR?f@WHLBf@Gj@o@lDg@jEKzFMJaAKWJgAIMN@PX\zJfG|BhA~FjDfAfAH^Cl@{H`p@gBvKwAhI[jAUdBIVQPOE_As@cCcD_EiIe@iAsBaEuAuAcCsAw@mAMm@DWvDw@v@o@h@}@v@qBl@iBHy@?_BLu@^Ol@NPQLgBb@wCAk@Ic@_AcBiAsCJSh@[Zj@RNv@cADOEQaBeD@Mh@o@pAkBbA}A\WDOGg@Wk@c@e@kAw@GKASPiAJCJ\ZTz@f@bCjBxAt@FT?Pa@`DE~@a@lCiClNc@rBEl@e@pCO\}GoBAGq@BWJyAhBOXc@Nw@g@e@FsCy@}@o@y@gA{A{BiAcCc@q@k@g@k@d@Q_@aAi@gAgA]iA_CqBq@]]G{Dh@cBHk@OuAiFCmA[mCIOMCUZ[fBeA`De@jB{@vBE^dApAjAhBx@p@p@jAZv@^`@d@hA`@|BGb@gAtCAdBGZ_AzAMH[eAkBkFIi@Pa@l@SRSf@iA~AsB@KAMc@_A,"[('root', [50.47752954997122, 3.247177368029952])]","[('root', [50.47664936631918, 3.2474255561828613])]",,2024-07-17
11905003891,a11905003891,g`bsHy`xRDC@?P\Xb@DBJ@TGTQT[NMVc@DADFj@lBj@zBPn@HNrA`F^n@t@|@hA|Af@j@~@tALFLANEz@m@TWhAs@TCbAa@T?BJB`@Jf@Hr@FT@L@FBC?RD@HZPd@Rb@H?FFNd@LNT^t@vAh@r@JTVZZPLEb@r@D@DAt@w@f@_@r@q@\o@b@cAT_@\w@z@oCJo@`BsELc@^u@|@oCpAsCXw@FY?i@KmAAGQUCeAOk@?]Hc@Ua@?MVwALg@?m@BYLm@HEDJMXJ_Ad@iBCKc@a@i@Ss@M?]CKNeATaAHQb@w@NMDAXY^Q\Mn@KRGHGDQ@SMkAC_@@QJa@\MHIDO@QGyAGc@_@o@[{@IsC@[Pc@DQXi@H{AB}@VOFMLkB@{B@OHQn@YDAJBPHPDTCHID_@BsBDOBELAxBRRGFQ\yB@SA[Xk@Lk@f@cDTiABEd@IVQF@FHDZGz@_@jBO|@e@~DGdAIhECPCDMBM?cAMWGY?e@Ik@Aa@?w@Ee@GQEY?KGy@D[RKD}AEK@CDY@C@MPOr@i@nAIHQBOL[~@q@|AUz@u@pBWn@k@|@e@h@WPa@p@a@d@OZONW\QAO@k@m@OKWEk@AOCWa@WQMWOOQYS{@g@s@EMSWAOaDoE_AaBKk@@yAE{BW_DQ{AGwAKe@CFFD,"[('root', [50.47828157432377, 3.2412526197731495])]","[('root', [50.47395659610629, 3.254913864657283])]",,2024-07-16
11889306408,a11889306408,kuasHelyRo@cAECGBEHYbAoAvDMTGXm@lAIn@ILSHs@hBi@bA[v@k@dCEpAIz@?TFr@|@tFj@bCXbAFZHBF?R[VOHAPNPOFBJGJFb@x@dD`Lj@~@v@z@f@t@t@r@T^PPT\FBd@DTEVSNALERSTIJKTIJKt@Y^SFCN@?\BFZt@BPNVd@pBTj@FFR^HFFPh@t@DBXh@p@|@HJH@V`@h@p@DBJ@|A_ARQp@w@R_@r@iAl@{A`@uAF_@XaAb@aALg@`@w@Rq@N[Z{@H]d@oAx@qBZm@^oADm@G_@Gg@?YQq@QgAD}@EEGQC[Fg@Lk@?]FQDi@VaBd@iB@UASk@k@_AU[EQMMCWOi@M]Qc@c@Y]IMuAyAgAuBI[MWMSUi@_@g@?IJ]@UHa@HWLU@GAISKc@i@g@[SEUMWSUK[YUM[m@]oAc@aAo@}@q@kA[_@Ue@Wc@ICGIUi@Y]EUEq@Am@Cg@@sAU{BGiAMiACc@Ay@EYGCMBSR_@L]Zk@JSHIJQd@o@~DqAdJBF`@Dl@CpAWD@BF@RCR@rAH|@L`DHt@F~ABNJFLCDEPEn@ARFx@ADBZIRAVINF`Aj@pAbA`@TBDJ\MTQLy@bAa@Xe@fAQJQXa@\SRQHQLWn@SJ_@ZE@GE]{@[m@o@aAMEM@YRy@x@K@W]o@q@oBcB]s@[SKO,"[('root', [50.476715667173266, 3.2474737521260977])]","[('root', [50.477007357403636, 3.2482636626809835])]",,2024-07-14
11880349447,a11880349447,cvasHkmyRQWIASz@ARK\G@ALAFEBEPMLAHILc@dAERe@bAYdAINMLO\M`@{@dBo@`Be@dBCP?|@O~@@h@Fh@~@vF\zARjA`@z@HJBEV@LQDA@GHET[POT]DBLV`@tAFNJf@x@hCx@~CX|@\f@JH^j@f@h@|@nArA~AL@PC^Wf@SJId@Kn@WBDDAVO^_@LGJ@Ln@DHT|@d@jAHZz@rBnAlBf@|@p@|@Xf@DDRFRND@FCLURKd@c@h@[VUt@yA^i@Pc@Pe@b@yANs@fB}F~@yBPm@Zs@^mA\{@JO\aANq@A{AIWSc@Oc@i@kCGOYWKCe@]eAa@USq@WWUS[a@cBKWOO?GCGs@s@_@SUYa@m@]uAWi@EUi@kAi@o@KCI?EFQJa@LO@GAc@cAYy@Ky@IWBUDOh@s@Re@ZUV_@XYh@c@`@Y\_@f@XZF`@PTPLP?LCFQ`@y@lAOh@]d@mArBKFMROLeAn@GEO]e@mBUs@?QJWt@_AXo@n@m@nAyAFW@UI][{@c@q@Uw@Q_@a@c@c@u@O_@oAgBWa@GSsAsBC_@DqAKg@CiBMuBWwBIiBHMFC`@Db@@pBOJ@FJFz@HLD@h@KRML@JLPd@l@bANL`@LRJxAj@F@LAF[NmC^kDTsCD{BAuCIqBM{@@QBIDGFEF?NHZb@`@r@b@dAf@pAl@jBJR@Nb@pAhApEf@hAj@~BVt@l@l@`@ZRHLEHKDSLaAN]JKVg@b@gCHu@ZwANcAPq@LmAV{AJc@HQHMh@k@^g@LIRGTCZ@rAED@D@FPEd@K~BIp@@PLHPDV\pAx@HJBTQp@QlAUhAAHm@`DO`AMl@KJYDy@A}@KEDCT@dCDPRDR\RPRJZ`@t@`@\ZNTl@\VVh@XJNj@`@\\d@ZFL?HKf@c@~CIZEf@GRIb@UhBSz@QbAu@fDq@|DARIZAr@q@bDQNKEM?y@c@YIs@e@,"[('root', [50.476661352440715, 3.2473898492753506])]","[('root', [50.466147093102336, 3.2465161196887493])]",,2024-07-13
11857125375,a11857125375,ctykHhuz@zAjCV^Vf@t@rA|@lA`@bAPRx@|ANPJF@P@PGh@[nBw@~Ck@hA_@fAGf@o@nDGPg@Gy@OMA[Lc@J[@i@GMGQMm@Yo@s@cA}@SIWC[NOPs@pDOb@a@v@QNUWKIKCW@e@FcAFGACBCGWBy@I_@OOAUGoB}@o@WqBmAQO_Ca@q@GSEeAMc@@_@ImACw@Ii@?oAGo@?cAIK@m@G[@g@EKBk@?g@LOC_@BYEeBEaAGMHCFYZYd@}@pAq@lAEFCZUh@Ib@Cd@GBGCm@k@k@y@KIMYCG@OFO@SnAyEHk@R}@Lu@Tm@Le@DWf@gBt@uBPq@Xk@J]Ns@Tu@Fa@j@qCBINSBICUd@_B\{AFQToAF{@Ro@D_@`@_Bl@}C`@eBR_@?m@@OVsAL[F_@Dm@Jw@Rw@l@eD^qCL]Jm@`@qCPYASJa@RwAFSNeAHQHw@VkANmARu@t@kEX{BJSLGHBJJTb@t@f@NF`Al@PNNh@\n@x@~BZl@d@nA`@p@XZFBtAvAhA`ANThAfA`BfB,"[('root', [49.29080377332866, -0.30356395058333874])]","[('root', [49.291417580097914, -0.298761622980237])]",,2024-07-10
11824568372,a11824568372,qsykHbvz@P\V^j@nAXb@JVnAzBf@r@x@~AZj@TVP\DPMf@[xBi@lBCXK\e@j@KZ]l@GPU`C?HGNStAG@w@Yg@ISDqAJe@E_@Mi@_@g@a@g@g@[KUUMEK@MF]d@Sn@If@e@jB[j@IJKDE?WYUGKAm@H[A[Fc@?kAMYG{@[a@U}Ai@WQCIWQMOy@c@]KcAMCE[AKCu@AaAOy@A_@I}@?s@M}BGWGu@AcAIU@SAyBB_@CEG]RSCc@BiAGi@IW@SEG@GDk@v@[XyAxBYl@W|ACb@GPIHKGoA_CUYAINg@ZoAN_APe@T_B\sABa@f@gBx@}BNq@Rk@hB_Hf@}BBEFADG@GEUF[Rq@X{Ap@gCRiAx@mDt@}DJQJEDIDc@C]@UlA}GJe@DEd@eCDg@RkA~@{EDq@JU@i@BUdA{EHw@TgAFk@Nq@Jq@~@eFLgADOFBXb@RR|@r@PLbAd@BBPl@xAnD`B~CZ`@x@r@BTR\LFf@f@PVf@^p@|@LJ|AfBd@d@d@n@H\DV?fAB`@C\@j@FrACd@BdAE~@LhAd@z@`@d@z@x@,"[('root', [49.2905911244452, -0.303160697221756])]","[('root', [49.29061132483184, -0.30306749045848846])]",,2024-07-06
11809641666,a11809641666,ctasHusyRVwAVm@D_@XoA@UX_@L_@XmB^yANgAJeAb@sDXmBJc@JUNOLGTEh@ATC^QRCNITA\K`@EP@n@G^?\GDH?bAKh@_@r@SH]HKTBzABP?RBNz@`AJ@DABGF[Ri@DIJGFDNVRLJPn@v@XV\LPLT\d@b@@NYpAGn@[`BEl@UdAWfBITAHDb@T|@Xj@Xp@HJPB\@PDr@\RLPFJL?BEFMp@GHQr@CRBXPl@l@dAfAfBZd@NNh@z@N^TZPLLNjAt@p@Px@J^LPJP?TDb@b@FJ?NUb@EZQh@gAbFIVMTEN?PD^Rp@R\p@xA@|@FXJJVBFLNbBJ^Dn@Jt@Af@OzAEl@UhAIT_@v@}@~AIVU`@k@bBSx@g@fBO`A?j@F^FjAIl@Qb@WZs@pAEBGESE_A_@w@OEBSDSJg@r@C@[Wa@c@g@y@Uk@We@c@c@i@{@[a@GOIKS[IY]o@EC_AqAM]GUq@_BK][wAKMEAmB^[No@v@YL_@TQBM?MEIMQ]WYU_@m@iA[_@MU]Y]c@QKQWm@oBG[iBqG]sA@GWa@?CHEn@YLI^m@`@c@|@sAIc@k@cBGg@CqBK}A?U|@{BAUEKKKOY,"[('root', [50.47725495882332, 3.247625883668661])]","[('root', [50.477386470884085, 3.247312232851982])]",,2024-07-04
11779632537,a11779632537,aqplHkbiPAH@RCd@Kz@ATI`@EbA[bD[~Da@zCChA]fDCb@?b@Mx@YfE]tCYpDKp@GbAId@K`BKn@Kz@A`@DVRZdArB\hAPRb@v@RRFR\f@BDH@FFZd@,"[('root', [49.40577322617173, 2.8370267897844315])]","[('root', [49.40593524836004, 2.824422838166356])]",,2024-07-01
11779601402,a11779601402,abqlHmkePNAHF\v@l@fA`@p@DDD?Ve@f@a@t@mAN_@~@cBDk@Ne@v@iGRq@Fy@h@qDb@oDDEXEj@YRCFMFQHIREJGb@KFYHMTOFAVVLBREVM`C]tAWdBUBE@SSyAQcC?g@Z@dBSp@MR?DCBIg@cGOuA]sF@KFGf@ODEJW\W?IEQ]w@E[a@aAKc@Wo@}@sCWo@ASYo@e@yAIc@a@eACQS]M_@MY[sAw@sB[wAWg@m@iBS[YaAUi@cAkDGOa@{AYy@@QRSDOEaBEGYEM@_@LG?ECKOG?UIo@iA?m@JoB?cALiCAQ,"[('root', [49.4086258392781, 2.8176753222942352])]","[('root', [49.40611219033599, 2.840618770569563])]",,2024-07-01
11684273882,a11684273882,ebqlHokePF@LRLb@JJ@LJNDBFP\X`@f@FBHCJ_@LUPSR]zAqCh@{@Ja@LyARwAl@{FLi@Bc@H_@XoBLsACIIGKCKBK@y@JMAo@HW?c@Hy@BWAODMESAeA?GFStAK\Kp@g@tAa@`BWv@Ox@A`@@HDFj@ZX^NJx@JVLJJ@HQ`@W~@[r@QXSl@,"[('root', [49.40853145904839, 2.8171503636986017])]","[('root', [49.408687027171254, 2.8178452234715223])]",,2024-06-18
11601642103,a11601642103,ebqlHwkePz@mAPm@`@q@d@k@`EnBGXo@z@Y|@sBbDUn@{CvFm@r@i@g@i@M}@gA}@yA}AoAa@uAKA{@~@wD|Eu@`BYLs@`A_A|BWd@[N]p@GC]aCQi@KEFhAd@dDi@z@q@bBSBIi@i@Q{A_Cu@qB{B_EQ}@g@s@e@sBmAyB{@eCg@y@Mm@wAaCe@aBu@kAwAqFmAyCOs@yBiDq@aBKo@@k@KaA]u@m@wEmAsCg@iBa@k@gAkD?W][]gByAmCqB_GhA}@lAmAlDiEr@SXuAj@qAnAiIVkAPMn@D@PYlCmAvHrBbA^BTITa@d@uCfATJZ@tAGdAMd@@`@b@f@bAb@v@GVoClCeR|@yEfBaNAYoAwDwAqAiB_@iAd@c@r@c@pAKfDq@|@W`A[HIVUbCiAvGUbCOTc@Q]DgCtCK@UsA}@eNUeEW{IQgCY_AaAqRj@Il@p@Ra@r@W`BqAhEsBrCsBzAu@xCaCnDgB|AoAd@Mh@e@pAm@pFcDtIuFDIGOcHmG{Bq@?[\_Bz@{FLWdCn@dA|@hGrGt@bAn@f@dBrB^TxB`C`CjC\n@tB`Bt@`AfA|@~BzClEtEHf@Cr@Yp@}CpE{BjCaEjF}NhSQx@CxFCVKPAfAa@vAqA`CoA`Ea@?uBcEWX{A~BsBlC_A`AwB~CkBhJSP[@IR_C`@WIKaAdA}AAm@F]wA}CUCe@vBU@[WjAeKfB{JVwCfAiHc@}Ay@cBaAy@{Ae@kAHq@p@q@jCEhBk@dAYrA_@P_BlLc@dCOV]ScAmBI{@uEqLUiHYsE_@{BMkE[qDRq@T[ZG~Av@dDjCfFtD~A|@VI~AiEfAy@bBWtAPdA`@r@v@NBdJsSJcCEmCDkHDu@tC}ClCeAvAqArBsAl@KvBFt@X|@rAzCnCfC|CbBpA~BbDbBrArCfDRj@?^[tAeJtMyJnM]HeAjCCPN\WLGRPdCtWdEJnAVGlAf@xAR~FfRlCpHVdAARNNl@|AdG|QAb@sAp@O`@bBfTNfDg@DuCb@UuAg@iG?k@]sClAnPeEn@g@uGa@{Ck@mHMGoCnAWXbArMOp@TbCO^QBoIsKgBcE_@m@OAOZM|Bs@xGc@vAWbE_@lA}El@yFfAONWpDh@TNd@hEdB}@pBwE~Ir@dATKbAaCh@[nDcInErB^\,"[('root', [49.40858367830515, 2.817223621532321])]","[('root', [49.40694325603545, 2.818353585898876])]",,2024-06-08
11558532389,a11558532389,qbqlHmkePLWRQd@eALSf@kABKAKQQe@YwAs@c@O_@S]KEFMZYZOX_@rAQTWd@gA`Ce@x@Up@SNG@MGMSMo@Pm@`@w@Tm@RSJOVo@X_@Xq@X_@z@qAHO?Ec@Ga@YQUm@UmB}@_@]IEWKo@MmAq@UIg@[k@OIGWKEEEMDORYHEn@H^AH@JAP@TAXDj@Gd@ILBHLNFRARK^AL?FDNBNCf@U^Gf@M|@IDGBQAGi@{AMu@Um@CYOg@Ic@Wu@Kk@a@o@YkA?KDQ\g@|@eAZi@XWR[Ra@TYDG?Ic@cAKa@O[Ig@CK_AmBMQKWW][_AAIDMV[JSh@o@b@o@L]?OGOIMECW?c@Mq@[QCOKKAUDU?OEGGI@QIIIMAUFMEQOK@SCW@UAc@Si@I_@UMMMAEEAQBEBGFCFKBYj@kARWPI\c@FABICUg@oAMs@f@_Ad@o@BMg@_BMOGc@OWQm@OUOm@QSO?SNa@p@WLGLG`@QZMJGTYf@CJIDIJIBMXMd@_@d@SZIHGLMNGTORSLKTQXAHEBELAHNt@CFOAYB_@JO?c@Ry@N]LQVc@EOUIAM@UWQE_@BQJq@PKJGTj@nA~@jALJDL?HEPIHCREFEPE@GTONEPMLENGBCFKx@KNIZC@OVEBELS@KPIHCGG`AGNGDQp@Fp@Tl@BR\d@L\AHFF@CF?TILM\O`@Kb@_@CDX]t@e@t@q@PMt@o@p@aABOO_@YWEKCg@GSAWGc@s@}AEOBYBELGFGb@g@Xa@RS\m@`AqATc@DEDAD@DEBMFEVIRM`@KpAQFBXVV^TNRZTdAC^EH_@VOZg@\SJo@j@CFGj@Sb@u@|@EV@Jd@j@N\\b@`@`AJHT^VVLTH\JHH@HIfAkCJIFBR`@BJCPMV?LDb@CVK\ORM]Eg@?SFUT]Lk@F?@@HVF@DGFAX^HXAHa@xAUj@S^Gh@BDHD\VP^RTJ\Zn@f@vA`@l@d@fARZ^~@PVJPPt@Xr@\j@j@tAXh@d@rA`@r@Pb@FFJBDANHF?n@GFDFA^Gn@Ef@ORBHHBJCh@Qx@Gl@{@fC[lAMx@@RDPl@^PT`@Vb@P\DVLERM^W`Au@hBGNAL,"[('root', [49.408862460404634, 2.8172146528959274])]","[('root', [49.40861385315657, 2.817890988662839])]",,2024-06-02
11533808019,a11533808019,abqlHekePLJLRVr@HFt@t@`@l@HITk@^o@HOd@g@Vq@TYNc@Xe@@MISA@BKLIBKHs@JQFk@No@hAwJJa@BSHYHm@@e@K]IMG@e@LSBk@Pg@@ODUCECU@[CYNm@HuAIUDKNELKv@c@lAI`@c@hAOn@}@fC?HBDb@Bf@^d@VP@TLl@VPb@@JERi@fA_@`AYf@MZ,"[('root', [49.408564483746886, 2.8171559795737267])]","[('root', [49.408525340259075, 2.8174324985593557])]",,2024-05-30
11509906477,a11509906477,ybqlHkkePLELPFDJ@PRpA~BD\AJKZIDQ\IHAHORQN[|@S\CP[b@EBMPSd@KD_@s@c@e@gCgDSSeA}AGCYs@OI_@s@KKGQm@y@Wg@GQEEq@oASg@CC}@yBSq@SUs@kBw@eBAIEC[q@E_@H_AAKKGOEUOOQEAa@u@]a@]q@]c@MYe@m@[o@GGOW_AsBSm@Ic@Ka@O[OcAY}@GWMYU}@M]a@w@WYIYOOKg@DKNELIVUNSp@g@^_@Xk@HYFGVGZSF?FDd@nAVZDPl@fA~@xAN^JFH`@DFNHZ\`@FNLf@TL@XRb@HPMLEHWZ[FAFFRZZr@\n@Rn@T\Zr@p@fAL^VZH`@Xj@H\JRp@~Av@nAPx@Tb@Z|@FFP@ZNTCd@BF?V]RKNDTAXGn@BBFDTO`AU`ASh@Qx@Wt@MXG\_@dAAJBNH?XHV`@VZ^R`@Nn@JTL[z@Ud@U`Ae@|@KV,"[('root', [49.40863422118127, 2.817399725317955])]","[('root', [49.408571692183614, 2.81801026314497])]",,2024-05-27
11502961232,a11502961232,kbqlHkjePN]H?dBxCJLD?l@i@r@aALSXUtAgC^Kh@^TH`@TxB`A^F`@RLDVBr@ADOIu@AgDBQ@AHDBG?]Be@@uDDs@?m@CgA@uBIy@Cu@Bo@Fa@?WFc@DOJK\QJ@ZGPAh@MN?n@M`@EP@h@Oh@KJ?l@Ob@GHIRGdAM\MWaBOs@Eq@Oo@AYOsACs@CqCK}AEgBOgB?AFAJMl@S^SBMGc@k@}BYeAMWOcA[mAWq@c@}@Sg@IWCQIWKUa@a@MSISMu@[y@SwASm@a@{Ag@aBc@oAWgA[kAyAcE_@yAq@eBKOQAM?OPKMWEOYCQ?QZcA@QG?SWk@iACI?k@Di@AODy@FY?y@HsEAQDe@ByBDs@@g@D[?kCNgC?QEYDgAAaACY@{@IS]QCOI@UT}@rBCJONKNWd@GRi@v@[j@q@t@Q\QP_@f@g@f@y@dAcA|@]d@aAdAu@|@a@h@GNOLm@v@S`@iApAc@`A{@z@iC~C[h@YZO\UVuCtEYZgAvAy@v@W\m@f@M^o@`AYZi@~@YRYZe@z@[\Wf@w@fAGPILILk@f@w@~@MXUPC?OQaAgBIIS@GFa@bBEDG?SIC?ACAwAJaARaBJgAF]PwA`@kBR{APy@Dk@t@gFJcAHQD[FaALo@?MOu@c@uAe@w@}@eA{@_@s@OWJSB_@b@M`@K`@K|@AvAEPUf@[f@G^IXE^EDKAEBKNYpAKVCVGHu@rEMdAa@`BQ|AI`@CFWvAEn@SfACVQ`AEb@SnA?HJHt@Xn@`@H@JGRAJET]Nu@PsAFODAD?ZXVHD?JHBh@AvABJBJZZ^JZIZ[LQPs@Fm@HKXTVJBP?^eAbGAn@B\Ij@APNVJb@Zn@JZdApB`@d@b@dANTHXVj@\fAPb@Hd@@d@HXX`@b@hAZl@Xx@Rp@PfARr@p@|Cn@zAj@hAh@z@`@t@^b@DLnAdBXj@NNJFNPj@Zb@Db@NP@XP`Bp@x@b@d@Jl@Tf@VFJPH^P\b@ZLRBNLl@VNL~@\RD^Rf@LnAj@~@h@v@PTLBNAJe@j@Ml@S\y@|B,"[('root', [49.40859692171216, 2.817421518266201])]","[('root', [49.40863665193319, 2.8178610652685165])]",,2024-05-26
11477144699,a11477144699,}bqlHekePHSHGHa@V_@x@eBNSLY@IEQOU[IK@GCSOUEQKSUWCGBk@G]W[Q[Uc@QUSMAUMs@Gc@i@WMQOQGS@SSk@[]IUSQK]Aa@ESKYIYSe@EKMa@KSKQCQMS]MEMKEGYEECWe@}@mAOa@W]Ue@AAC@CAGGa@aAOMW][iAMMMYo@eB_@}ACe@So@WqAOYm@_BS]EQIKKWKICUEAMwAE]Ye@ASQY_@_AME?EQUIUWQKWG]UYKSOg@GIK]IMi@kAEWOQ@e@La@@gADSFm@Nu@NoA@e@GUKIGJA^Kx@Mf@El@CHCFKJIFG@QE[Co@S][U]AIBOP_@Fi@By@Ak@EYECcAa@EBCFA\KdASr@KTIHMBg@D]IECIOMISG[QIQf@iDPw@B]P_AXsBHc@B[HWRgBDGDy@v@_F`@yCJID?HFFCD[@UDQx@uA@UC_@@[HcAHYTg@Xk@RW\Q`AGt@RTLd@b@l@`@RVj@jATfAFLBRKh@Gl@IXGj@_@rBCb@GVAPOr@Gn@YrAQpAOr@MpAYnBUnACROn@EZ?RUlAGn@@NHLZRHV?HAPo@nCIpASx@@h@ENMJAH@PHb@Xd@Rd@^b@N\d@n@Rv@N^JLL\j@x@\rANLHv@Pz@BFDCJB@\`AxBHl@Td@^lAH^N|@JVFVDZHXBZPn@\f@|@bBBDNEBHBZLVp@|@Td@f@r@R^X\\l@NJV^VN\HRXPBXEF?DBRTh@?j@\XTh@VNDJCRDZHTL^Xv@^RLJ?LDHJXPRd@BBd@FRHNLNF\HNADBf@^f@Nd@VPD\RRJF@BDjA`@HP?HCPQTi@|@}@|B,"[('root', [49.40861075185239, 2.817218340933323])]","[('root', [49.40859256312251, 2.817953685298562])]",,2024-05-23
11464889623,a11464889623,kbqlHykePVr@h@r@^p@DC@GF@Xh@DDD@Zq@\_@FKDCPc@^i@DMNQJA^u@Za@HGZGRBTP`Ah@LBVNZJv@`@PFx@p@FEF@NTHFHER@@GESGgA@aDEy@@{BAc@ESBa@A_@Di@OcBEaEQcAEy@?{@BQPg@BSG[Cg@SgBQyCiAqNy@mFu@uDuAyFi@oBG?KTG`BMx@SrBA\WpBIzA]~BCh@SzB?`@MhAAPLLJDDVKDIGOCMPCv@EHGf@YhE]tCQdCE~AIv@IR@HFJR@b@L\G`@Bd@GJ?JLF@`@BJEDBTEBF?H?`AKp@ELBRGh@Op@?XKt@Ar@Mr@QlA?p@EREN@\AHCFGDQAECKDS?EAISCAMAGBOVWLe@hAk@t@e@dA,"[('root', [49.40856163389981, 2.817174084484577])]","[('root', [49.40867939963937, 2.8178345784544945])]",,2024-05-21
11452464820,a11452464820,s}plHmeePILM`@OTGB}@hBUZIXUVa@~@EPKRIEEWU]_AWWQe@k@[UU_@SQk@aAk@{@OIKWG@OPYh@s@|@]j@i@`@GNUHw@|Ae@r@URa@r@iA~B]z@]PUd@KFUx@i@j@K@SZSv@IJSe@UNKGqAmCQY[{@Y_@Yo@QUe@aAWs@qAoC[eA]o@Uu@Sa@Uo@o@iA_@sAGGo@_Ba@k@MWK{@Qg@QSWGKSYaBQ[mA_EOWMGU{@[o@CWGMaA}AWYc@y@c@sBAS@c@CUq@_CCSIQG_@Yc@C]Ke@wAoDa@s@a@uAGKG[[{@ESAc@KSc@uAYo@Ie@[c@Oi@m@iAc@wAg@kAI]DITO~@}@nFqGZ@FC@Or@eBHe@HYAQGOU{BS{@AQOqAFi@IaA@ODI@]YkDMgFGc@I}AKWAwAYsDEuAQsCMg@Q{CE[?QWeCEoA?cBSsB@[TERBXb@BP?RFc@`@_@z@[j@a@x@c@^[t@U`@]~A{@HAHKdAm@b@SJM`@KTM\a@~@g@ZYVGp@i@b@Q`@[JENU^KbDkCr@Oh@c@j@QX]l@_@LQd@IfAk@`Au@LW~As@VQ\_@j@_@REpAgA~AaAb@MdAg@V?l@Hr@CZN`@FX^ZXPZl@j@X`@`B|A^f@p@j@LTt@r@h@t@\\b@XFLh@d@LTnAtAL\n@b@x@bAdA`A`@|@@j@FZJJRFBPIzB@d@Er@Hl@IpAG~BIn@C`CE~@CzAGx@GdDK`CKb@ClBBf@Nb@hAfBP@LMF?JFNZVQ@JAn@IXATn@jBF`AZr@b@dBf@vAt@lCr@dBjApDDDZjADh@`@dAPp@h@pAPr@Xt@`BfFVj@nAfE@PENIJOFQPqBdA_CbAQL}CtAmA`@kCrA?PVfBC|@H~@@bAPhDXjDCTSd@MNMD[Vw@RKHaA^CDGtAiAbJOvAGXILGZE^IXWhBe@hA[\O`@c@p@[t@qArBe@`A_@d@Qd@SXc@x@i@z@Yl@IFOc@q@aA[]wBsC_B}BF[b@s@fAkCP[To@pAqCVu@P[JJd@HrBfA|Al@XT^JjAh@p@TPLBFeA`B_@r@GTiAjBAHIF,"[('root', [49.40859298221767, 2.8172114677727222])]","[('root', [49.40834538079798, 2.81776056624949])]",,2024-05-20
11430015789,a11430015789,sbqlHykePHOVS\w@Ze@b@y@HGHS?GAGKOyAc@{@m@g@MOGSSG?E?EF_@v@o@x@a@bAQ\Of@e@`AYt@y@~AEJOTA?KI_@k@GBKGY_@c@w@S}@qBgEo@gBYm@GQKOIUSkAOg@KKC]@g@HSx@mAFELAJ@BDH@P?ZBPAPDNNXAPHTEJBTMNCj@?RGZAJBnA@ZKv@GT@VIp@Ch@M`@@ZIXF\@HANYHE\BVELBR?PBDALDf@K`@@pAGLIPCnA?VCBBHN@JQjAGfCMx@Gx@Or@Mv@ChAe@bDWj@CNY~@g@z@]`@e@bA_ApAMA[c@]w@AMEOSe@[i@QOIB,"[('root', [49.40858996473253, 2.8172075282782316])]","[('root', [49.40857873298228, 2.8180985245853662])]",,2024-05-17
11422713531,a11422713531,ceqlHwveP]ME?m@tA[^IRKNUp@MNk@tAm@bASl@_@t@AFQRC?a@q@IGGMKc@_@]OKY}@g@kAGk@MMQa@MSg@yAg@y@Us@SSEUQ_@Qm@O[Y_@Mg@JYBYIWi@q@MKOGOOCGCSI[WQ[]EKa@g@S]KU]Ym@_AMCEc@I_@EISGUa@Ig@O[SaAIo@GYQa@Mc@Iy@IWCU_@{@e@m@EOGe@Qa@CMSOMm@Gw@CK{@uBOGGMKUAGBOG?[g@Qw@GSU[Uk@KGMWI]QSYq@S]CO@YJUAo@@MV}@XeCTy@Dg@TYJSNk@Fc@Bg@Lm@ZmCLk@LqAZwATsBhAaIX{ANuANm@HeAp@oE?kBGaA]kCA]EIGAKGE[_@k@j@{@FWR]DCXg@^{@Pg@PYLYNSRk@Nq@h@kAPg@PYVm@x@yAb@kAT_@L_@Va@n@sARQb@{@BMTWRc@t@eBVs@Xg@\{@HSDENg@|@mBZ}@FYVi@HMFJD?XMLA`@D`@@PHLLHTNL^`@Zj@RXVRLRTJ^`@LRJDPBXd@`@`@TJPVDE@?b@n@x@|@RN@JnA`AjA`BXP\`@b@TJRVNV`@JTJFV@DBZp@FZClfAEl@IFDt@G\GRKv@Ch@Kb@EnA?d@Cb@ENQpAA~ASz@OfB?NHN?TAN_@p@K\Gv@D`@UtAMj@@VCVS|@Ed@KfA?d@Ir@?RSfB@PBHLPAJEFIBEFa@nCKlBk@zFe@dG@f@SZIb@eBbFIZs@xBEPFRJL,"[('root', [49.40856808796525, 2.817187746986747])]","[('root', [49.40837647765875, 2.818347467109561])]",,2024-05-16
11419547080,a11419547080,_cqlHckePN?JIJAFFTj@DVLPHPd@b@JRGIR`@D@b@CDI@YPST@DCFKDYDKVQDQ@WHMNGDGJg@FEVo@NsABEBOBE@ULq@DOH}@~@qHCg@Z}B?OAMIKE@MEUDYA_@BOES?a@Je@Bq@@g@Cm@@UCOFYTOVSl@MTK^g@rA[jAEDIRSl@Y|@AV@PDHJHFAFBl@`@nBx@DDMf@Al@]jA[t@AJFP\r@Vn@D@@HX\Tb@FDPIXWPSnCyETi@Ja@JiAdAiI@u@h@uE@c@MCUAUBKCi@Dc@A[NEAOD{@D{@AYGi@B[CSBGD_@~Aa@lAyBbH?HDL\Z\FPAh@RpBdA@FGRc@r@O`@[b@Md@a@z@,"[('root', [49.408533638343215, 2.817100239917636])]","[('root', [49.408598095178604, 2.817941280081868])]",,2024-05-15
11414746751,a11414746751,kbqlHkjePDKF@BHNJZ\j@dABDLEF@HNFDJGZKNOVYN]V]f@eARWXi@JWBSN]HsALy@DIbA{IJo@RwBLs@DC@@DAJKFGDMPOHEPAl@[r@YLo@BELI@IAUSyAm@{I[oDAa@MoAE}@@ODSCS?e@QcAEY[wAEg@Oa@G[CUe@kAe@gBc@mA_@sAISKIG@GT?f@Gd@A\EZ[lAKlBIn@Kf@ATKbAKjB@fAAXGf@c@fC?NRZ?JUXCJW`BIz@?`@OlAAVIb@Ir@@f@ElAO~@Cf@OtAOv@DTAR[p@cAhDg@nAa@vAYrABNBDXRj@ZXT`@N\DNNTLJLBHALi@x@_@hAq@xA,"[('root', [49.40855442546308, 2.817149357870221])]","[('root', [49.40867864526808, 2.8178154677152634])]",,2024-05-15
11381935390,a11381935390,i}plH{eePQRYr@OVKFCHGBMRGVUd@QPY|@a@n@KDSZWYKSKAIICK[OW[_@UWY]UO_@KIMQM]]]Wg@KOOKGB_@v@SDMNUNWXOH_@l@IDSTCHUb@OJI@GHYz@WZKHYDSp@{@dAEJKj@KXKEIDGHCh@c@l@EPWf@W|@S\[b@Wh@ICIc@G?KJMCKMy@yBmAaCYe@qCaG]_AY_AgBgEgAcCW{@_AoBkAmBcBeG_@gAcCmFq@iAIIc@}@YeAKk@Bo@IaAHs@S[a@iAw@_BMc@M]Gc@_@q@O_@I[k@sAEUDIXOVUNGL?HCLSt@w@LURSTg@d@k@PMHKJST{@d@Wr@m@HMGe@Nk@x@gAh@e@PSJa@N[f@k@LUV[Re@^o@dCyCRc@VWHQz@gAr@u@x@gAn@cAPUJS`@k@RO^_@v@sA`CgDb@g@Xc@BIJQZYf@w@HGR]`@g@^o@l@y@LIp@{@Tk@RWHQ?QSo@Em@FmALs@Pg@R]n@u@DA^Ax@FTHRPx@bBL~@@n@BFBDj@@~AXjBVb@Jr@HfCd@dC\h@B`APrBVt@NHEJSLMVER@JBDDBNJnABPf@xADX?b@FXNZXr@b@vAH^Zt@\nA`DbJT~@p@nBt@hCd@jA\fAdChH|@rCzBzGLh@PfA`@lL@hANtCBrB`@nJ@fBRpC?dABt@?fADl@Cf@Dl@Ap@Fz@ApBRlBJ|AEZKToA~AG?MQSGE?QHEAKISGa@UYUwAs@{DgBUOi@QyBeAWQo@Uy@c@WHURQAIIIWGk@CEgCkAcA]eD_BM@S^_@XKLeAzB[b@k@~@,"[('root', [49.4085396733135, 2.817200990393758])]","[('root', [49.408869752660394, 2.816913239657879])]",,2024-05-11
11375546583,a11375546583,ibqlHckePL_@h@q@Xq@Dk@FOHKHCR[DIAGYSc@OWSKEG?g@]o@W[IMSMKQCMIS@]MQKK?OGG?GIUEwAk@QY_@Oc@OIIUCQME?[Oc@Gk@[y@a@KCIIq@SMAGIEAa@Am@WQOIQC?MMEWGGYCECc@s@q@q@Qa@UWWe@MKAKIM@CEQ[[QYGQOW[q@_@}@ESKY?WC]OWIc@AQa@yACUIYs@cBU]a@w@Sk@?MMMKy@S}@k@_B_@_AIIi@eAKOOE]e@Oa@m@mAMe@a@u@?IPQFMCYKOBOJQ^}@@[JCLU^iBP[HEP_@NMXQTc@DAPWh@]^]RIBGb@a@rA_B`@a@p@{@~@uAXYROTNJADEX]Tc@NMRWXSDIXUP[LIVa@DQp@cAvAmBN[NObB}BFCH?JPf@ZPFp@@FBZQv@{@b@eATOhBXZAXHN?h@TdABfATT@VFZPfAB|@ZJAZB`@AdB^PEl@NHLBJ?^BDJ@VSHEr@NBJ?R[rBc@~DKbBIv@O~BMnACfAOz@AbAS~@Ep@Ib@Ax@E\@\UnAGx@?\[vBk@dHOrAG\KzBE\@PUjA?d@BP`@l@r@xAN`@b@x@FNDZFP\^t@dAt@x@R^b@f@Vf@nBxBDNAn@GBWA_AXi@@_@ZULGJGn@S~@G`AGX?Hm@vCG~@YxBKb@GxAKv@QLMDGAi@a@WKs@QKIa@QK@Q\UPs@pAeAzA,"[('root', [49.408520981669426, 2.8174307383596897])]","[('root', [49.40871024504304, 2.8177735581994057])]",,2024-05-10
11367990319,a11367990319,ebqlH{jePLKD?@FF@RXR`@HH~@bBL@\a@LURIHMbAqBd@w@Xq@BMRc@h@}FZgCN{AL{@ToBFSLm@TKHYJKp@[z@W`@QDIHWNOT?NJP@d@QL?XCv@KJEBIGc@CaAG[Gu@?iAOwAI_Ba@cEIkBBM^KnAk@vHsD`@]PGDMEu@Mq@Ee@KMk@aBk@wAMe@_@_Am@mBg@kAg@y@Wo@Mg@Yy@G[Qq@M[Ic@GU?WEU{@aBEq@Ko@Q_@Kg@KWSSQa@Qc@Ge@a@sA[k@[}@g@cBIGMBS??DGtAIlAE^GN_@`FU`BUrCE|@WrA?bA[~CExBSz@Cp@Kd@Ed@Gx@@XGf@WbAEnAEXQ~CMr@[jDGZQvBEVQtBM|Bc@tFo@fG@l@CFQRCHEP]hAw@|BsApE?HDZJLRHNBrAp@jAd@DF?JsBtEOj@ATBXNp@O^QNEJ@RPd@BRCXQ`@MPGCOOa@qAYi@?GBM?GGk@KY?QDKf@k@JUPSN_@JKRALRDT,"[('root', [49.40854696556926, 2.8171593323349953])]","[('root', [49.40857294946909, 2.818094417452812])]",,2024-05-09
11364024099,a11364024099,ubqlHwjePFKRDFADFDPNPHPd@r@d@x@JLJ?JKbAsBFEbAiBf@aANg@`@}DTiBAY`AyGNuA@a@EQKC_AJW@GEU?k@HeCPYG[?u@CKDEHa@jB]fAGXKT[`AALk@`BOl@F`@RTr@Zt@Vl@ZTFJFDHCLQXm@zACDEL_@p@Up@,"[('root', [49.40852014347911, 2.8171381261199713])]","[('root', [49.408653331920505, 2.8177733905613422])]",,2024-05-08
11359371072,a11359371072,_bqlH{kePRSXm@X[`@q@Pa@V[LFJPRBd@?NRj@VZVL?BFMd@s@nAO^GXS`@o@lA{@z@GRW`@k@nAa@r@c@f@Ul@]n@GCQk@GKc@c@[i@[YSc@I[m@c@SEo@gAY_@SO@UTq@`@{@HEBGXu@^q@Tw@d@cALa@BQ`@{@FULEDC,"[('root', [49.40852819010615, 2.8171469271183014])]","[('root', [49.4091041944921, 2.8197688702493906])]",,2024-05-08
11351598892,a11351598892,qaqlHulePn@wATm@Rc@HMBEAQEE_@I_@QUOKCw@Yu@[YQSEm@YeA[oAg@oBiAs@Yo@SaAi@YIWM_@GYKoAw@KICOaAAWUY_@QQWKM[c@u@g@u@Sa@KIKSOIKMYy@]g@I[u@eBQi@My@O]CSQYEc@O_@CWQ}@C_@K]Wi@QSKIc@m@Yo@KIAKDWN]R@HAFG^Eb@YHKVo@PORKDIXOh@o@ZSXYz@sAHGD@JHRl@`@f@d@lAh@n@`@z@\b@|@tAHZZZJZd@j@BHTd@FNNLJ`@N`@h@h@J^LNXr@JPRd@JLDZPX@FRVL?DCHKXe@NIXGXSHKN[l@y@t@w@Vc@`@e@`@_@FOz@_ALSTWDCDDX`A|AvD\l@Ph@LTANG`@?PFVB^Ir@IZ@GDACBEP?b@k@xF?h@AFOLEF_AhDc@jAUz@Up@[fA?JHL`AXP^HFZJ\Tl@PJLBNi@|@Sn@O\Sj@,"[('root', [49.408543445169926, 2.8171127289533615])]","[('root', [49.408545792102814, 2.817420680075884])]",,2024-05-07
11346532154,a11346532154,kbqlH_kePl@h@DHNNBH~@rAHBF?JINSVSHMz@}At@kAP_@FEHK?WDKDg@Hc@@w@H[NaAVwBPwADKLqAJi@H{@VeB?WBQ^@p@S`@i@TGJITILAJIDC@MAKNa@ASQkA?U]wEa@wE?UO}@QyDa@uBEs@Im@YoAE[IW@QE]a@iBIu@Ws@GYKWQOUk@[[EDERHb@?HQl@IbAEXCVA~@El@Sj@Ez@ET?h@Mx@Ab@E`@Oj@M|@@XGb@Aj@EVCnAk@fDEr@In@D^Gn@BNAJMx@C^Kh@Gf@Al@KfA?v@]pBEHSLIPC\K^S\St@Up@OTMt@OZe@~AE\BRFD|@HDHNL\N\HTLL?`@JDFBNQZSh@S`Ae@dAQTCJ,"[('root', [49.40851285122335, 2.817128235474229])]","[('root', [49.408545792102814, 2.818021746352315])]",,2024-05-06
